token,item,variation,sku,field,old,new,reason
KCZOLSJ5FQXEONPF77XDACEM,727200,Regular,727200,GTIN,,07272004,scanner sends the 8-digit code
ZJBIFWYJCFQZLGKUNYGKF5MB,AAOJEE BLACK TEA,800G,312800,GTIN,,03128000,scanner sends the 8-digit code
NQKNAZE3RU2KO6AX6V64QCY5,AAOJEE BLACK TEA,800GM,264100,GTIN,,02641007,scanner sends the 8-digit code
7UMP3WZQ4TOZ2GRNGNBONPRD,AAOJEE CHAM CHAM,4 PCS,125212,GTIN,,01252121,scanner sends the 8-digit code
SGT3MGKSGMDJAWM4T7M7GRUY,AAOJEE GULABJAMUN SMALL,Regular,406400,GTIN,,04064004,scanner sends the 8-digit code
7HVS5CJAD7IRNOKBWWICDIRV,AAOJEE KHEER,Regular,315400,GTIN,,03154005,scanner sends the 8-digit code
6VOZL5SNW6J6WBMAWMBA4LO7,AAOJEE PAPDI,Regular,785450,GTIN,,07854505,scanner sends the 8-digit code
QH5KO3GUFEIIMJJZECATVGZN,AAOJEE RASMALAI,Regular,400300,GTIN,,04003003,scanner sends the 8-digit code
BZF5VTIQJVOOFQSYG2GKUBVM,AAOJEE ROTI,5 PICES,312400,GTIN,,03124004,scanner sends the 8-digit code
F3O64DNHPYUS6DZMSLXFZCCL,AGRO CORN STARCH,454 GM,316100,GTIN,,03161005,scanner sends the 8-digit code
OX6ZYVTL7DOMPN6GMUNZMAEY,AJINO MOTO,7oz,843690,GTIN,,08436908,scanner sends the 8-digit code
FHIH6SMPCXFT5GIU6DZVVJV3,AJINO MOTO,14oz,981200,GTIN,,09812002,scanner sends the 8-digit code
YYGCS6PNA5SXTHI22L7NX7BP,AJWAIN SEED,7 OZ (200 GM),559200,GTIN,,05592001,scanner sends the 8-digit code
7EIIOXB4SWO4ZE7LVSQ65LFJ,ALL IN ONE,1 LB,987645,GTIN,,09876453,scanner sends the 8-digit code
BEVFIYZY2F2VPDIKKVV3NCDU,ALMON SLIVER SLICE,400G,201980,GTIN,,02019802,scanner sends the 8-digit code
B63AYZSOPNA72Z6FT7YT46JQ,ALMOND,2 LB,300100,GTIN,,03001006,scanner sends the 8-digit code
R3GRO5OAYC3KIKPPUQM46GJR,ALMOND,3 LB,300200,GTIN,,03002005,scanner sends the 8-digit code
O7A2HZXLDT7ABXRRBBJWMCHE,ALMOND BURFI,.50LB,858211,GTIN,,08582117,scanner sends the 8-digit code
ZOXYX2RMKMBPZY24XOOWIUVN,ALMOND BURFI,8 OZ,607400,GTIN,,06074009,scanner sends the 8-digit code
UIH4JAJNWZPDYMRQHESRIRXA,ALMOND COOKIES,16 OZ,719780,GTIN,,07197802,scanner sends the 8-digit code
IAZ7S23OB5KLJPMZWNR45OOI,ALMOND PISTA PEDA,7 OZ,343200,GTIN,,03432004,scanner sends the 8-digit code
KOLSBWGEKNR52YIIWT46PJ5E,ALMOND PISTA PEDA,7 OZ (2),605000,GTIN,,06050009,scanner sends the 8-digit code
IVMS5ETJGGXNNRJMVHPIKJZ3,ALMOND SLICE,14 OZ (400 GM),300900,GTIN,,03009008,scanner sends the 8-digit code
WL23L7JO6KP2RAUSUK7WH6BR,ALMOND SLICE,7 OZ,435220,GTIN,,04352204,scanner sends the 8-digit code
CN3BFZIDVBWNSDAMQDVMSVT2,ALMONDS,3LB,318700,GTIN,,03187003,scanner sends the 8-digit code
WGRZSLO27XLPHAV3XOB3LX5N,ALMONDS,3LBS,445600,GTIN,,04456003,scanner sends the 8-digit code
K7ELSFMM4SRB4UW2KSCEYESO,ALMONDS,3LB (2),575465,GTIN,,05754656,scanner sends the 8-digit code
CPPPOEWPEMV3QQILW7F27K2I,ALMONDS SLICE,400G,201220,GTIN,,02012207,scanner sends the 8-digit code
E3ZQDLY3UHW7MCKZIZR2M2MZ,ALMONDS SLICE,Regular,200370,GTIN,,02003704,scanner sends the 8-digit code
HKQ3LRYD6JSBWQSRFTZULI62,ALOO MATTER,Regular,314300,GTIN,,03143009,scanner sends the 8-digit code
J7QFDXGOU2L6F7FSGOQOVFQT,ALOO MUTTER,Regular,458970,GTIN,,04589707,scanner sends the 8-digit code
CMHGNQJGLTJ6ALZ2L36YJMAV,ALOO PANEER,Regular,565400,GTIN,,05654008,scanner sends the 8-digit code
3ZTT525VXILBRF4MF75OJQBO,ALOO SABZI,Regular,402200,GTIN,,04022008,scanner sends the 8-digit code
USXQ7M6CX6NXU745E277E5XH,ALSI,3 lb,313100,GTIN,,03131004,scanner sends the 8-digit code
HKI7RPM7ZQAJA4EFBGXVDFYK,ALSI,2 lb,400200,GTIN,,04002004,scanner sends the 8-digit code
CEVOHMSFH6MZ5GH6PW2OKGNU,ALSI,Regular,201420,GTIN,,02014205,scanner sends the 8-digit code
FQRRHB7Y5G2UZW5JJC6VY6LK,ALSI,800G,201410,GTIN,,02014108,scanner sends the 8-digit code
4HH57ZVEUGN4UQYCO3XKMHNC,ALSI,1 LB,534900,GTIN,,05349005,scanner sends the 8-digit code
7IGO535BMZ5ZD2RCEPP2RMNI,ALSI,2 LB (2),876100,GTIN,,08761002,scanner sends the 8-digit code
WZFYARO5AJNL6SH7Y2MJWCZJ,ALSI PINNI,Regular,566700,GTIN,,05667002,scanner sends the 8-digit code
CWHOQKFV2YUNDWEUQ3LCG4F5,ALSI PINNI,14OZ,232800,GTIN,,02328005,scanner sends the 8-digit code
KK5UITBUFOMEV3ZMXPSRHOXD,ALSI PINNI,4 LB,945600,GTIN,,09456008,scanner sends the 8-digit code
GMEDSZHNVUWWMJLUZ7R4QLE3,ALU BUKHARA,7OZ,610300,GTIN,,06103008,scanner sends the 8-digit code
EGJPX4BIWUXORHXKBWIDLASF,ALUBHUKHARA,14 OZ (2),934210,GTIN,,09342105,scanner sends the 8-digit code
WOLKFOAQCVTW7XJASSRXIST6,ALUBHUKHARA,28 OZ,907860,GTIN,,09078604,scanner sends the 8-digit code
Z75ZRDHQXJAYEEXFIPTL3XPG,AMRITSARI CHOLE,Regular,985207,GTIN,,09852075,scanner sends the 8-digit code
4MFA5FQBKFDQHG5K6H6AX34X,AMUL DESI GHEE,905 GM,401300,GTIN,,04013000,scanner sends the 8-digit code
KWMVSB3OI36ETFD5JUHTBU5F,ANAR DANA POWDER,100 GM,303600,GTIN,,03036002,scanner sends the 8-digit code
3U6PRYH2Z53HYNSZOWIBPDXM,ANGOOR TOOR DAL OILY,8 LB,310000,GTIN,,03100004,scanner sends the 8-digit code
7FMFY6QGC4MXZLIETBC4ZJVY,ARHAR DAL,Regular,609700,GTIN,,06097000,scanner sends the 8-digit code
TKPKG5EANQTEQBV67IWIT7AQ,ASSAM TEA,1 LB,401600,GTIN,,04016007,scanner sends the 8-digit code
GLEGDMWLIEUZ2S6PBQ6XPX37,ASSAM TEA,2Lb,401500,GTIN,,04015008,scanner sends the 8-digit code
OWNLMXDVYIURUSDUT3DVTWR3,ASSAM TEA,800 GM,401400,GTIN,,04014009,scanner sends the 8-digit code
2YJTPO6BWSYV5NU4XU3TADBO,BAINGAN ALOO,Regular,312600,GTIN,,03126002,scanner sends the 8-digit code
P47UU5BNJAYKNUPQ4T7DWI6V,BAINGAN BHARTHA,Regular,301300,GTIN,,03013001,scanner sends the 8-digit code
HT2L2P6MRDPSDUQAAKHYH2CV,BAINGAN MASALA,Regular,315100,GTIN,,03151008,scanner sends the 8-digit code
ZMMJWVSMWA2GDZ6C73SHF5M6,BANDIAN KE PHOOL,Regular,201900,GTIN,,02019006,scanner sends the 8-digit code
ACB22EBKV72ZB5HREYJD7LHR,BARLEY,2LB,204860,GTIN,,02048600,scanner sends the 8-digit code
JG4RWDHJJUXGC6ZR3KWKPRJB,BASMATI PAR BOLIED,Regular,502600,GTIN,,05026003,scanner sends the 8-digit code
2VIRVXYQWQACRWIQUH66PTOS,BASMATI RICE,2 LB,318800,GTIN,,03188002,scanner sends the 8-digit code
77V7AVVVR44NRAFMTBOPE4VZ,BASMATI RICE,4 LB,318900,GTIN,,03189001,scanner sends the 8-digit code
KWV3HL342HUBSD2F36ELKOZN,BASMATI RICE,4 LB (2),502700,GTIN,,05027002,scanner sends the 8-digit code
OLGY2DOE5AOVNSIG3ZWCAKLS,BATATA RINGAN,Regular,558200,GTIN,,05582004,scanner sends the 8-digit code
K2JWCLUKMXQGEUZL2V7565Y6,BATATA RINGAN,Regular (2),826230,GTIN,,08262307,scanner sends the 8-digit code
I3S4HWPC5N3EAXPHULJW7LTP,BAY LEAF,50 GM,315200,GTIN,,03152007,scanner sends the 8-digit code
U2ARKXPZKUKIXZHN7UTLKHPS,BAY LEAF,25 GMS,315300,GTIN,,03153006,scanner sends the 8-digit code
HCX7LCO3FMYSWXQ6YFMWDH2X,BENGALI MIX,9oz,985258,GTIN,,09852587,scanner sends the 8-digit code
52VN5ZSRAIITJP5FGEUGIOH4,BENGALI PUFFED RICE,14.1 OZ (400 GM),562400,GTIN,,05624007,scanner sends the 8-digit code
KRIRLXXX3QXLBU3UBMSUT752,BESAN,2lb,256900,GTIN,,02569006,scanner sends the 8-digit code
SZ4SKAXHC3IGTXROQT2BCFX2,BESAN BURFI,14 OZ,558600,GTIN,,05586000,scanner sends the 8-digit code
SAKUL7EYDXMHG2NMC3SSB5CR,BESAN BURFI,8 OZ,915430,GTIN,,09154300,scanner sends the 8-digit code
EDWRY7B2CBJQRR7GUAXKMNKL,BESAN BURFI,8 OZ (2),606500,GTIN,,06065001,scanner sends the 8-digit code
MIRIUZM3VV37NT2OFC3HW43V,BESAN PINNI,14 OZ,405500,GTIN,,04055006,scanner sends the 8-digit code
KXZABQGV42PVI32GJAMOUOK5,BESAN PINNI,7 OZ,205987,GTIN,,02059877,scanner sends the 8-digit code
A5EBT7CPSLDCCRO4KTDON7M3,BHINDI ALOO,Regular,312500,GTIN,,03125003,scanner sends the 8-digit code
DW6DZ65K2BM4T6SAJBT7IXBO,BHINDI MASALA,Regular,313000,GTIN,,03130005,scanner sends the 8-digit code
HBER37T2QNWMZ3PNWZAV4PQZ,BHINDI MASALA,Regular (2),777700,GTIN,,07777004,scanner sends the 8-digit code
672W2VFC545ET7MZTIUJUQKS,BHINDI RAITA,Regular,465400,GTIN,,04654009,scanner sends the 8-digit code
6ND3TDNVIIOI66YK4HBCG4AH,BLACK CARDAMOM,28OZ,563483,GTIN,,05634836,scanner sends the 8-digit code
XXXN3UISKHOUJZLXI5M3DI6B,BLACK CARDAMOM,100G,100350,GTIN,,01003501,scanner sends the 8-digit code
PKRAEDFVFUCJW6GZGKFKPKF5,BLACK CARDAMOM,7 OZ (3),456900,GTIN,,04569004,scanner sends the 8-digit code
UIPGNFHMCLRKFCMRA6YHON7E,BLACK CARDAMOM,14OZ,763210,GTIN,,07632101,scanner sends the 8-digit code
CS3ZJISGCR64XHLIO4DQVQZ5,BLACK EYE PEAS,2 LB,307900,GTIN,,03079007,scanner sends the 8-digit code
TH7Q4OTW2GIGLL4PIIJUYHJQ,BLACK EYE PEAS,8 LB,307700,GTIN,,03077009,scanner sends the 8-digit code
TINOMZZOJHMUU7D2PFT6VHQV,BLACK EYE PEAS,4 LB,307800,GTIN,,03078008,scanner sends the 8-digit code
N4MO4BXAQP2J7VCXPVZ5OW2M,BLACK PEPPER,Regular (3),201910,GTIN,,02019103,scanner sends the 8-digit code
QZLYIO2XFB53FJS4G4G7GCK7,BLACK PEPPER,200g,200940,GTIN,,02009407,scanner sends the 8-digit code
NQOK3JRK6IQYGJ3M6OTFZTGA,BLACK PEPPER,14oz,600800,GTIN,,06008006,scanner sends the 8-digit code
4LIWTZMX3JXWG34MZ2TSXBVB,BLACK PEPPER,400g,200930,GTIN,,02009300,scanner sends the 8-digit code
SPLGLTUV7PXIDU4ZDU7JX2WV,BLACK PEPPER POWDER,28 OZ,600900,GTIN,,06009005,scanner sends the 8-digit code
6V4DN2BFWSFAAQ676FDV4OR4,BLACK PEPPER POWDER,7OZ,567400,GTIN,,05674002,scanner sends the 8-digit code
YLQXJF3JU6B3SHT6HZYO53EB,BLACK PEPPER POWDER,3.5 OZ,568300,GTIN,,05683000,scanner sends the 8-digit code
EHPLDXRJLEDF5SRP6M2QS6XL,BLACK PEPPER WHOLE,14 OZ (400 GM),560900,GTIN,,05609008,scanner sends the 8-digit code
RMCFXEKNSXBXXO7QUPRWM7PK,BLACK PEPPER WHOLE,800GM,560800,GTIN,,05608009,scanner sends the 8-digit code
N4UWO5I2BSVWYQOTSYBVTHIR,BLACK RAISINS,Regular,200190,GTIN,,02001900,scanner sends the 8-digit code
FBCGX2AQADCQOSDY3PPBWX74,BLACK RAISINS,400 GM,603700,GTIN,,06037008,scanner sends the 8-digit code
HVCRDJTAHFMGDDL4AGCZARLN,BOMBAY BIRYANI,Regular,456300,GTIN,,04563000,scanner sends the 8-digit code
HQ7U22JD64LQQLJECMCMTB67,BOMBAY SWEET SUPARI,Regular,416540,GTIN,,04165408,scanner sends the 8-digit code
B3OX67AHC6MC2OE65QAJYVC5,BOONDI KI BURFI,8 oz,604700,GTIN,,06047005,scanner sends the 8-digit code
UW7UTCD7Y4DEUQSYRFSHMJCS,BOONDI RAITA,Regular,453245,GTIN,,04532453,scanner sends the 8-digit code
GJJQQIZBC56ZIJI7VQ67YDQG,BOONDI SEV,7OZ,416410,GTIN,,04164108,scanner sends the 8-digit code
3YQF57M6RENO2UGKFQ4G6USX,BROKEN CASHEW,28 OZ,302400,GTIN,,03024007,scanner sends the 8-digit code
RMO55ZPPUZJ5ZE2AVMEFB6P2,BROKEN CASHEW,1 LB,501200,GTIN,,05012000,scanner sends the 8-digit code
CTVW62HTWLGVB3RTW3SSH2CS,BROKEN CASHEW,1 LB (2),302500,GTIN,,03025006,scanner sends the 8-digit code
B74G6WRX23PE3JSXR4RAN2QB,BROKEN CASHEW,4LB,558700,GTIN,,05587009,scanner sends the 8-digit code
7NGU3TM4LW25RFUI6PFUB25K,BROWN BASMATI RICE,4LBS,500700,GTIN,,05007008,scanner sends the 8-digit code
P3HYP323UJSEU3PNNJC7ZTXG,BROWN RICE,2LB,314000,GTIN,,03140002,scanner sends the 8-digit code
HGQQWV2LTJPJJS53XLJODNYU,BROWN SESAME SEEDS,400 GM,452310,GTIN,,04523109,scanner sends the 8-digit code
5HU7FA3KD2UECSWJUWTZ2JUQ,BROWN SESAME SEEDS,200 GM,872090,GTIN,,08720908,scanner sends the 8-digit code
SNCOVRVC2SJHPHSJYEYTLXCI,BROWN SESAME SEEDS,800 GM,234800,GTIN,,02348009,scanner sends the 8-digit code
E6B2FFZZD55GWHKP75NKRR4D,BULGUR WHEAT SALAD,Regular,001000,GTIN,,00010007,scanner sends the 8-digit code
KTBLC5UYYZDZPFHE4WAGO2RM,CARDAMOM SEED,14 OZ,569000,GTIN,,05690000,scanner sends the 8-digit code
2TOVUW2NNLKMZKC7Z6KOJDDI,CARDAMOM SEEDS,Regular,320000,GTIN,,03200001,scanner sends the 8-digit code
P5QMR4SWAKZZY2B2LA6NPPFM,CARDAMOM SEEDS,7OZ,878700,GTIN,,08787000,scanner sends the 8-digit code
4C3SJIPUNMA6PI4FSD6YLXYY,CARDAMOM SEEDS,3.5oz,319900,GTIN,,03199008,scanner sends the 8-digit code
CUO6NTMV3O2QUH7TLJWQPDJP,CASHEW COOKIES,Regular (2),517300,GTIN,,05173008,scanner sends the 8-digit code
ZKPBFU5U7AXYOKDMPRBNEW55,CASHEW PISTA ROLL,.50lb,159000,GTIN,,01590007,scanner sends the 8-digit code
YC4PEXMUV2GWTS4GF24OZIBH,CASHEWS,1 LB,301800,GTIN,,03018006,scanner sends the 8-digit code
LA5FZJUJY42Y6232ZPJH5R42,CASHEWS,2 LB,301900,GTIN,,03019005,scanner sends the 8-digit code
DMJFOQ7QMDKJTRV3I5GTFOIW,CASHEWS,4LB,301700,GTIN,,03017007,scanner sends the 8-digit code
6RO5G63JZU5RLEXFCX7P4UMP,CASHEWS,1LB,782700,GTIN,,07827006,scanner sends the 8-digit code
RS2BZR4T4C4HYFJRSEVPNZQU,CASHEWS,2LBS,567880,GTIN,,05678804,scanner sends the 8-digit code
AG3PHAXBGGWPYSXSXUMKQABW,CASHEWS,3 LB,714530,GTIN,,07145304,scanner sends the 8-digit code
36WPYQQZ77Q5XHGYWXEUENYS,CASHEWS,800 GM,784129,GTIN,,07841293,scanner sends the 8-digit code
5YTRGGXQJ5PJ7OQAXDFN7A5J,CHAM CHAM,1 lb,873421,GTIN,,08734211,scanner sends the 8-digit code
XMP3AKZOZ2UJHIM6XF3RWN56,CHAM CHAM,Regular,606900,GTIN,,06069007,scanner sends the 8-digit code
W6ULBZWV3QTPVOX3RUMPDBMF,CHANA ALOO,Regular,987656,GTIN,,09876569,scanner sends the 8-digit code
G73Z7ZCSXMW5YKNB7IE6W3CI,CHANA CHAAT,Regular,604000,GTIN,,06040002,scanner sends the 8-digit code
ZEGCD2GD2FPIDZDA6DVH6U5J,CHANA DAL,Regular,201230,GTIN,,02012304,scanner sends the 8-digit code
AR25YQW2M7DHVKNCBGYDO7B7,CHANA DAL,Regular (2),962960,GTIN,,09629600,scanner sends the 8-digit code
GIDJ4QRXVZWZIVEMC74XTTSH,CHANA DAL 7LB,Regular,473000,GTIN,,04730006,scanner sends the 8-digit code
VTEJWPAEMSB5NIF4ZNPM6JYX,CHANA MASALA,Regular,610400,GTIN,,06104007,scanner sends the 8-digit code
47RH3PG2WRJITRNM654XVLDU,CHANA MASALA,Regular (2),100077,GTIN,,01000771,scanner sends the 8-digit code
ZQBLKHOAWVE2FGKCBL627EID,CHANDRAKALA,7OZ,607000,GTIN,,06070003,scanner sends the 8-digit code
B5YBBHW7IETXYNQPLYGHZ5ZN,CHANNA DAL,4 LB,304700,GTIN,,03047008,scanner sends the 8-digit code
PFY42KRIY6HV5QMQ6SG2STGZ,CHANNA DAL,8 LB,304800,GTIN,,03048007,scanner sends the 8-digit code
N6INLBJ6U4NHWZ7G2LYQT7ZC,CHANNA DAL,2 LB,304600,GTIN,,03046009,scanner sends the 8-digit code
AZRU55X2UUAXDWGFBIERDHZA,CHANNA DAL COOKED,Regular,310800,GTIN,,03108006,scanner sends the 8-digit code
TVUNWCX5W3FIBVQSWIKTEKM7,CHANNA MASALA,Regular,311900,GTIN,,03119002,scanner sends the 8-digit code
OFB2GDWKLKQJEH4VH32HJO4M,CHAR MAGAZ,Regular,205320,GTIN,,02053204,scanner sends the 8-digit code
4OUU2HQNRWCLNK7YC5ZSV2LL,CHAT PAPDI,Regular,210384,GTIN,,02103842,scanner sends the 8-digit code
TZYNWITML2MXF7VN52BW3JR2,CHIA SEED,1 LB,567365,GTIN,,05673650,scanner sends the 8-digit code
FL37DZSFD6UPDUAGUQ24Z2EF,CHIA SEED,2LB,684768,GTIN,,06847685,scanner sends the 8-digit code
HWQLEIBUL4NNV2UJXR6YII4J,CHIA SEED,1 LB (2),608600,GTIN,,06086004,scanner sends the 8-digit code
Y6TZFSWK6CIBFQY34YW3SHUF,CHIA SEEDS,2 LB,304500,GTIN,,03045000,scanner sends the 8-digit code
55PR6232WZNCSCH5UMMVI2TQ,CHICKPEAS,2LB,308400,GTIN,,03084009,scanner sends the 8-digit code
KISH3NMYRBPORG22P5UG32LR,CHICKPEAS,4LB,308200,GTIN,,03082001,scanner sends the 8-digit code
2JDPYGFHQKFAGTQPODAAN6CC,CHICKPEASD,8LB,308300,GTIN,,03083000,scanner sends the 8-digit code
DZCUPU7LE22OENVA2RLSGU4Y,CHILLI PANEER,Regular,402100,GTIN,,04021009,scanner sends the 8-digit code
GAZF73ZL7INFIBU2FMSJMJCD,CHILLI PANEER,Regular (2),606000,GTIN,,06060006,scanner sends the 8-digit code
4QVZE452ZJ7BHL4BRN2WWA74,CHILLI PANIR,Regular,101000,GTIN,,01010006,scanner sends the 8-digit code
IWRJS3B2FPYEOZ6N3GC3N7N6,CHOCOLATE BURFI,7 oz,741970,GTIN,,07419708,scanner sends the 8-digit code
BFEMSJPNP4RYXOKZMFDES2YE,CHOCOLATE BURFI,7 OZ (2),608700,GTIN,,06087003,scanner sends the 8-digit code
MYWQ6FBCTRQ5B6XWK67JENXF,CHUM CHUM,8 OZ,097600,GTIN,,00976006,scanner sends the 8-digit code
OPYGJLTNGWIHY6LUCEZGRBNL,CINAMEN STICKS,1LB,316900,GTIN,,03169007,scanner sends the 8-digit code
XVORM6MQQVQUO7VGUNT5SSEK,CINAMMON STICKS,1 LB,316800,GTIN,,03168008,scanner sends the 8-digit code
7BVEXJOP54GM63PEEZZ3PM5M,CINAMMON STICKS,7 OZ,317000,GTIN,,03170003,scanner sends the 8-digit code
RGB4MJ6CX3MKO2RN6YIQFCMC,CINMON STICK,1.5LB,603600,GTIN,,06036009,scanner sends the 8-digit code
CRDZ6MX3KRPNGIVKTY4LXDV7,CINNAMON STICK,2LB,453453,GTIN,,04534539,scanner sends the 8-digit code
GSJLRUFPJHQQP2FUQZVSK7MC,CLOVES,200 GM,303200,GTIN,,03032006,scanner sends the 8-digit code
27FVFUZEBXMRO5OGDQRUH5MK,CLOVES,2LBS,310300,GTIN,,03103001,scanner sends the 8-digit code
E5RMKTOAEANHIXOWJVEY6Z74,CLOVES,400 GM,303300,GTIN,,03033005,scanner sends the 8-digit code
HVRMLOAV466WFMHFF7J6NZ3V,CLOVES,3.5 OZ (100 GM),303100,GTIN,,03031007,scanner sends the 8-digit code
TC6R5NWVUZRHDK7W6UVM64O3,CLOVES,100g,201370,GTIN,,02013701,scanner sends the 8-digit code
TNUI4BJWZDGKCA7USBCTIY5S,COCA-COLA,20 FL OZ,490440,GTIN,,04904403,scanner sends the 8-digit code
JQDW4CUUAYHP22FWFS5XBOYR,COCA-COLA,12 OZ,496340,GTIN,,04963406,scanner sends the 8-digit code
VNM55OJOE6MLAB4V7KZ6SLTU,COCONUT,1 LB,500900,GTIN,,05009006,scanner sends the 8-digit code
JORN5JMJH27JBVB2MZGNMAJF,COCONUT BURFI,7 OZ,432786,GTIN,,04327868,scanner sends the 8-digit code
BJQVANXF3NNHWI57YIEAGWU5,COCONUT BURFI,7 OZ (2),610700,GTIN,,06107004,scanner sends the 8-digit code
MQHDLGARJ3YAIRQH3ZDLWABC,COCONUT CHUTNEY,16 OZ,638468,GTIN,,06384685,scanner sends the 8-digit code
BNMR7UXN2JZXFHNINY4QOZ5E,COCONUT CHUTNEY,8 OZ,638768,GTIN,,06387686,scanner sends the 8-digit code
QMCT5BVRH23YWFJURJYYM4XF,COCONUT CHUTNEY,Regular,604800,GTIN,,06048004,scanner sends the 8-digit code
J346FE3MOCRSELS7GXZRYC2W,COCONUT CHUTNEY,8 OZ (2),605300,GTIN,,06053006,scanner sends the 8-digit code
SYZRX4P4RB5Z2KURTSCZO76Q,COCONUT COOKIES,16 OZ,874590,GTIN,,08745907,scanner sends the 8-digit code
2AOV7VZBHV5Z3P2V2YMB6VKE,COCONUT LADOO,6 OZ,121200,GTIN,,01212008,scanner sends the 8-digit code
3P6FMCVFTBIA2WDGO7NNBJ7K,COCONUT POWDER,14 OZ (400 GM),502000,GTIN,,05020009,scanner sends the 8-digit code
C53DG35CMQZKMV5WSWNNUGDJ,COCONUT POWDER,1 LB,406600,GTIN,,04066002,scanner sends the 8-digit code
3SGPUGS4D2ZPNEX7C7AV5FPT,COCONUT POWDER,Regular,200990,GTIN,,02009902,scanner sends the 8-digit code
VBSUACRHJLMSBMOULXMJUILV,COCONUT POWDER,Regular (2),201010,GTIN,,02010102,scanner sends the 8-digit code
S4FOE4I2SEUTEUQXMBE2FYZ6,COCONUT POWDER,7OZ (2),857360,GTIN,,08573605,scanner sends the 8-digit code
WMSM7Y7MNEX5B3DYOCOQF26F,COLE SLAW,Regular,111300,GTIN,,01113000,scanner sends the 8-digit code
JAJPUWCZLQXQYSL3M6NAK33A,COLE SLAW,Regular (2),604500,GTIN,,06045007,scanner sends the 8-digit code
OQ4FSSPKETDMTZPO5J4EMYKK,CORIANDER SEED,2.00LB,602600,GTIN,,06026002,scanner sends the 8-digit code
633SZRS435UXOWEGOKRJQWDK,CORN SALAD,Regular,601500,GTIN,,06015006,scanner sends the 8-digit code
DU43ISZCIAURTFOKEEPDGFYZ,CORRIANDER SEED,14 OZ,602700,GTIN,,06027001,scanner sends the 8-digit code
AD3SP5IAHGJ7V3GJJOAPKO2Z,CORRIANDER SEED,200 GMS (2),564900,GTIN,,05649006,scanner sends the 8-digit code
DT7EU6UVWLBMFWIEZHSJLE7S,COUSCOUS,2 LB,652098,GTIN,,06520984,scanner sends the 8-digit code
XM326L76JO7EYOZH55IHJM4B,COUSCOUS,1 LB,452500,GTIN,,04525000,scanner sends the 8-digit code
WLFURVNMYTKZRHGG6WZLZL2H,COUSCOUS,1 LB (2),604200,GTIN,,06042000,scanner sends the 8-digit code
T4R453ZTHKXK2MY6EAM5JAB5,CRANBERRI,14 OZ,559000,GTIN,,05590003,scanner sends the 8-digit code
R6DKDKCRFMDY46WNNGECG5OE,CRANBERRIES,1Lb,401700,GTIN,,04017006,scanner sends the 8-digit code
UZ266CF6Y3P6BPX6XYNYVPET,CROWN CORRIANDER SEEDS,400 GM,566500,GTIN,,05665004,scanner sends the 8-digit code
ZEJKTDS5ZY7UFNTSCKX4ZJ5A,CROWN CUMIN SEEDS,400 GM,566600,GTIN,,05666003,scanner sends the 8-digit code
RK4Y5MFZIZ6J36DMKLXOF7OT,CROWN GREEN CARDAMOM,200 G,565100,GTIN,,05651001,scanner sends the 8-digit code
NSMBRCFOHS6VOS76MFTLY2ER,CROWN KALA CHANNA,4 LBS,567000,GTIN,,05670006,scanner sends the 8-digit code
H66DTASRSTLMEVGAYPI5KUAJ,CROWN TURMERIC POWDER,200 G,565800,GTIN,,05658004,scanner sends the 8-digit code
X5B5GZDIHMEOFBYRCM3VHWKZ,CRUSH CHILLI,400GM,304100,GTIN,,03041004,scanner sends the 8-digit code
NOGMTD4CO5LHWWWXBQ3TOJUG,CUMIN POWDER,14OZ,657860,GTIN,,06578602,scanner sends the 8-digit code
PEQFBQ7MDGSGTF555BUGWFKS,CUMIN SEED,4 LB,303900,GTIN,,03039009,scanner sends the 8-digit code
WYQMHTDULSVGZ6NSD4NIG54J,CUMIN SEEDS,14 OZ (2),559800,GTIN,,05598005,scanner sends the 8-digit code
PDIUSHO3WLSZC43DOUYCHXK7,CUMIN SEEDS,400g,200920,GTIN,,02009203,scanner sends the 8-digit code
WPH6QF4ZBQ3TNVXIQ2UDACBI,CUMIN SEEDS,800GM,466300,GTIN,,04663007,scanner sends the 8-digit code
HC5YQUIAG3VSBQA6TUYOZNYL,CUMIN SEEDS,200 GM,559500,GTIN,,05595008,scanner sends the 8-digit code
GQNBN5IIP3ZGDXR25MGOXA45,CUMIN SEEDS,28OZ,606300,GTIN,,06063003,scanner sends the 8-digit code
COQOQ4SJVX2EC66UVA6MFRXB,CUMINSEEDS,3LBS,566900,GTIN,,05669000,scanner sends the 8-digit code
Q4YLRWXBFGMHIRD6UYZH4BYY,CURRY POWDER,400GM,304200,GTIN,,03042003,scanner sends the 8-digit code
PK4MQWOMLDGUAL3W3MFDKKG7,CURRY PWDER SPL,Regular,987411,GTIN,,09874118,scanner sends the 8-digit code
L2MKNQBG5U2DVXPPU6C2VX3U,DAAL PALAK,Regular,608500,GTIN,,06085005,scanner sends the 8-digit code
HEJBA3XCXFJBUMYQ5NYSNQFU,DAHI VADA,Regular,405400,GTIN,,04054007,scanner sends the 8-digit code
M726PVK6QHZACWJV4TP77HYL,DAHI VADA,Regular (2),100002,GTIN,,01000027,scanner sends the 8-digit code
K4R7BDS4MYSWADWYO4IQ5RDX,DAL BASANTI,Regular,566200,GTIN,,05662007,scanner sends the 8-digit code
I3LVBLY6RBWMC6WXD4FO7NYF,DAL PALAK,Regular,784521,GTIN,,07845215,scanner sends the 8-digit code
IOSFIH6X2SGVGCB66GK6LX5C,DARK KIDNEY BEAN,4 LB,306800,GTIN,,03068001,scanner sends the 8-digit code
ZO7NF6PE4YK6ZC6RBXQY2EWF,DARK KIDNEY BEANS,2LB,306900,GTIN,,03069000,scanner sends the 8-digit code
XAWIYNMECR247RDSJDAO4O2M,DARK KIDNEY BEANS,8 LB,307000,GTIN,,03070006,scanner sends the 8-digit code
233A7R3ZR7UUERUTTEYBTJD2,DEEP ATTA,20 LB,200002,GTIN,,02000026,scanner sends the 8-digit code
3SOHBJ4GPTSHHJPNYWZVJQHH,DEEP TANDOORI NAAN,Regular,400900,GTIN,,04009007,scanner sends the 8-digit code
AAYSBXLFV45DUQF4GF7RPRKY,DEER BLACK CARDIMOM,3.5 OZ (100 GM),560700,GTIN,,05607000,scanner sends the 8-digit code
2CGZGLGURKVQ6ATEOMUO26KR,DEER BLACK SALT,3.5OZ,600500,GTIN,,06005009,scanner sends the 8-digit code
75TCE2YAJ7D7JQ6SS2TAJEGE,DEER BROWN MUSTARD (BIG),14 OZ,562100,GTIN,,05621000,scanner sends the 8-digit code
JGBEVRQAGH6RDYCHBJUKRPIR,DEER BROWN MUSTARD (BIG),14 OZ (2),562000,GTIN,,05620001,scanner sends the 8-digit code
5PIHHIV3YYEHZHMGCXNO2HBI,DEER GOOND KATIRA,3.5 OZ (100 GM),561300,GTIN,,05613001,scanner sends the 8-digit code
OZOOGCXYZ53IH5VNYIL6F4DM,DHANA DAL,14 OZ,965464,GTIN,,09654648,scanner sends the 8-digit code
DNV26PUCJNHG6HU4ASVPPQ3N,DHOLKA,7 oz,326740,GTIN,,03267404,scanner sends the 8-digit code
VQ2LKJDQGBB6ZOTWYOKQKQQK,DIET COKE,12 OZ,496580,GTIN,,04965802,scanner sends the 8-digit code
R5ZWAYH4BNUEOUYMSR46BATK,DIET COKE,20 OZ,490450,GTIN,,04904500,scanner sends the 8-digit code
GWVP4UUOEIEYAUCNDSZT46C7,DIET PEPSI,20 FL OZ,121300,GTIN,,01213007,scanner sends the 8-digit code
Z5RE7CFSWQK3MNECERTGON3G,DIET PEPSI,12 FL.OZ,125690,GTIN,,01256905,scanner sends the 8-digit code
2PD2LR7P7J5ELVDSUWNKMWT5,DRIED DATES,Regular,405200,GTIN,,04052009,scanner sends the 8-digit code
EPIU6PUCMPY3MBK5O6JEULE2,DRY DATES,Regular (3),201750,GTIN,,02017503,scanner sends the 8-digit code
RD24KNT4G25WB5HQVSOCZE5X,DRY DATES,Regular (4),201740,GTIN,,02017406,scanner sends the 8-digit code
4KR7FPVNL4ZANSTFF3Y6WH7E,DRY DATES,14 oz,154212,GTIN,,01542125,scanner sends the 8-digit code
HYAXEWY4KSEDWMXFLCGTQHEW,DRY FRUIT LADOO,7OZ,765400,GTIN,,07654006,scanner sends the 8-digit code
JEHIAAOW7OOQNHVPX6M3T2UR,FALOODA SEV,50 G,564000,GTIN,,05640005,scanner sends the 8-digit code
HRVEWVD3KDGAB3AQRX72TPB5,FARRO SALAD,Regular,609600,GTIN,,06096001,scanner sends the 8-digit code
SLVGJOAM2GGSTHQFEMJHCRK5,FENNEL CANDY,7 OZ,500200,GTIN,,05002003,scanner sends the 8-digit code
VOZYUMI3MGKV6XC22FCZPGLM,FENNEL CANDY,7oz,319500,GTIN,,03195002,scanner sends the 8-digit code
ACS5AJ3FG62NAGIEAO533AJF,FENNEL CANDY,14Oz,319600,GTIN,,03196001,scanner sends the 8-digit code
R6K2GXDPTR5B24O25JR2IYBI,FENNEL CANDY,Regular (2),201480,GTIN,,02014807,scanner sends the 8-digit code
J7NHSYXCKHGATR5JE6PMVNIB,FENNEL SEEDS,200GM,402800,GTIN,,04028002,scanner sends the 8-digit code
ERYPEHRYZ6XJ4UPKIGBQ5MBT,FENNEL SEEDS,400GM,302900,GTIN,,03029002,scanner sends the 8-digit code
C6KYLRJ2RCXO2DHRETQUUFSE,FENUGEEK SEEDS,400 GM (2),302800,GTIN,,03028003,scanner sends the 8-digit code
PWWVCLB43BV3GRD4ZOJ5NBU6,FLAT CINAMMON STCK,100G,303400,GTIN,,03034004,scanner sends the 8-digit code
QCE6G73JX6L3VWAG5IBDTNJ7,FLEX SEED,1 LB,568100,GTIN,,05681002,scanner sends the 8-digit code
OPAUMMLBLPDWVPDFWI6XEC66,FLEX SEEDS,7oz,405900,GTIN,,04059002,scanner sends the 8-digit code
GHLPK7TMGAG7KWVDHOMXMPJY,FRAPPUCCINO,281ML,124100,GTIN,,01241000,scanner sends the 8-digit code
3RJAI6H6A4XIIVDBMPIJKOZB,FRESH CHAT PAPDI,Regular,230389,GTIN,,02303895,scanner sends the 8-digit code
N3QT2JLR5GDCRT4KUGNNGMPM,FRUIT CREAM,Regular,652090,GTIN,,06520906,scanner sends the 8-digit code
ZO3PDSEXXTI6OUXX64ZQB33O,FRUIT CUSTARD,Regular,319100,GTIN,,03191006,scanner sends the 8-digit code
2ZGYD3VNVAW374VUQKVWKN5P,FRYUMS,200 GM,563700,GTIN,,05637001,scanner sends the 8-digit code
WUET4F2R54XZQQLYRHL7BS2P,GAJJAR BURFI,Regular,547800,GTIN,,05478004,scanner sends the 8-digit code
7GK4QO2FD32D2EVRIBDSAGKK,GAJJAR BURFI,Regular (2),785500,GTIN,,07855009,scanner sends the 8-digit code
ETLFUD42DUADX4OZARJFY7NK,GAJJAR HALWA,Regular,312300,GTIN,,03123005,scanner sends the 8-digit code
3K5665KSQ25C42RFKN5IP5NL,GAJJAR KI KHEER,Regular,852200,GTIN,,08522009,scanner sends the 8-digit code
OD5AA4VX5GGC5ZLNLGZEWT4P,GAJJAR KI KHEER,Regular (2),605400,GTIN,,06054005,scanner sends the 8-digit code
53DSXFPJPSFT3DALCXQH5PSM,GAJJARALOO,Regular,563500,GTIN,,05635003,scanner sends the 8-digit code
S3EQCDJ2X65OQEA5BLDLQ72A,GAZAB AAM PAPAD BURFI,150 G,564200,GTIN,,05642003,scanner sends the 8-digit code
DL7AXYDWCBKDYODN42QBZ6DR,GINGER CANDY,14 OZ,555580,GTIN,,05555806,scanner sends the 8-digit code
OF5PQMLA3TAY7GIUH4BZ7RCO,GINGER CANDY SLICED,7 oz,454540,GTIN,,04545402,scanner sends the 8-digit code
AIRQKOKZZYJ6KMA4LLZIVW5D,GINGER SLICE,300 GM (2),201550,GTIN,,02015505,scanner sends the 8-digit code
JITT6RXNX62W3TLYAYLVFGST,GINGER SLICE CANDY,1LB,302100,GTIN,,03021000,scanner sends the 8-digit code
4OTC3PYG2MSUJT4QCI4K26HX,GOBHI ALOO,Regular,310900,GTIN,,03109005,scanner sends the 8-digit code
GJ4URZZR7ZKZ3GYCPQICWOXQ,GOBHI MATTAR,Regular,314200,GTIN,,03142000,scanner sends the 8-digit code
IAANP5YUUBLFD7GYJNR4NJTJ,GOL MATTHI,Regular,781800,GTIN,,07818008,scanner sends the 8-digit code
3LQMQB6AWN537QZCKF7SJUZZ,GOLDEN BLOSSOM HONEY,454G,732674,GTIN,,07326743,scanner sends the 8-digit code
3KPSAGJMTUHXRIZTJDD4VQ7M,GOLDEN BLOSSOM HONEY,Regular,732684,GTIN,,07326840,scanner sends the 8-digit code
WCKWCPUI6R457I7UXWJQE4WE,GOLDEN BLOSSOM HONEY,227G,732654,GTIN,,07326549,scanner sends the 8-digit code
EOLQ3ES5UHTYTGBELTHKF4NY,GOLDEN RAISINS,2 LB,300400,GTIN,,03004003,scanner sends the 8-digit code
XTB5MXOV7ZN3KI2JCVQTQMHR,GOLDEN RAISINS JUMBO,1 LB,300300,GTIN,,03003004,scanner sends the 8-digit code
2ORZUSLV54R2KVEG3FBLIKOJ,GOLGAPPA PANI,Regular,739823,GTIN,,07398231,scanner sends the 8-digit code
W2W57CK4SIR7K77P4E5SCFJF,GOLGAPPA PANI,Regular (2),603800,GTIN,,06038007,scanner sends the 8-digit code
A6X257UEEX7M4DZB5YJVBA5G,GOLGAPPA PANI,Regular (3),100001,GTIN,,01000018,scanner sends the 8-digit code
WGOLVR2BAVWV7DTIFBC6RQNK,GREEN CARDAMOM,2LB,603500,GTIN,,06035000,scanner sends the 8-digit code
YMBEP5TPB6MW6JJVYQ4ZNJQJ,GREEN CARDAMOM,400 GM,200000,GTIN,,02000008,scanner sends the 8-digit code
LM2PGL4G3BDBU5L36QHPNYRG,GREEN CARDAMOM,1 LB,301600,GTIN,,03016008,scanner sends the 8-digit code
A35XOWXBEBBFRQQOUFFUEJF3,GREEN CARDAMOM,7oz,561800,GTIN,,05618006,scanner sends the 8-digit code
POLXBZTWJAGAXLUS7RHNDRWN,GREEN CARDAMOM,50 GM,468900,GTIN,,04689005,scanner sends the 8-digit code
4IW5F3WCSEMZO376N2LKB6Y3,GREEN CARDAMOM,100g,200300,GTIN,,02003005,scanner sends the 8-digit code
35SQFL7C3JDDDB422NEKUGF3,GREEN CARDAMOM,800 GM,456345,GTIN,,04563457,scanner sends the 8-digit code
QIX2X5EZG523NKGFC3RCLBQX,GREEN CHANNA,2LB,311000,GTIN,,03110001,scanner sends the 8-digit code
G3222E4UVRSWE6EMWBRPPIVS,GREEN MUKHWAS,400GM,201460,GTIN,,02014603,scanner sends the 8-digit code
NYXQ2EANW36KZJIFKVD4JG7G,GREEN PISTA,14 oz,502300,GTIN,,05023006,scanner sends the 8-digit code
4G4C6RP6OAMHRXURSSZ3NTRM,GREEN PISTA,7oz,502200,GTIN,,05022007,scanner sends the 8-digit code
PW5TFDDZMEHS57E6I7Z5BLTP,GREEN PISTA,1/2 LB,200180,GTIN,,02001803,scanner sends the 8-digit code
X6GEMAB7KOOMEOIKETPRGUPS,GREEN PISTA,3.5oz,878787,GTIN,,08787873,scanner sends the 8-digit code
GICENE6EEFNUSTFOCPAE2LDW,GREEN PISTA,400 GM,200170,GTIN,,02001706,scanner sends the 8-digit code
PILPHONO3H422NX63FSUJZCS,GREEN PISTA,1/2 LBS,204600,GTIN,,02046000,scanner sends the 8-digit code
XYSVPKMWKZCBU7YETLY2SU3O,GREEN PISTA,7oz (2),208490,GTIN,,02084903,scanner sends the 8-digit code
3QDUQLQ2YEMFO7OSVKR2QKKS,GREEN RAISIN,2LB,302000,GTIN,,03020001,scanner sends the 8-digit code
PRZRUCAAFL2GXAXVHQNXH52J,GREEN RAISINS,1lb,300600,GTIN,,03006001,scanner sends the 8-digit code
MRSFTS4N4SFUZ6QQ2WA5FKPY,GREEN RAISINS,400 g,200880,GTIN,,02008806,scanner sends the 8-digit code
VCLAHSTXCPMEHB75HSZOK2GP,GUJRATI BATATA RINGER,Regular,402400,GTIN,,04024006,scanner sends the 8-digit code
XU7MT2KVIAXLS5DDA7D6VY74,GUJRATI CHANA,Regular,723300,GTIN,,07233005,scanner sends the 8-digit code
FSZCQWJNLCRCRRVUYQRSY3V3,GUJRATI DAL,Regular,315000,GTIN,,03150009,scanner sends the 8-digit code
VKS7I23YT57Y7DJGZ7RHDXHG,GUJRATI KADHI,Regular,502800,GTIN,,05028001,scanner sends the 8-digit code
V7FIFFQ6J6XCTI2RJ3HWZRXP,GUJRATI KHICHDI,Regular,562500,GTIN,,05625006,scanner sends the 8-digit code
NPX2M467QTR2ROK2F5HIGUX6,GULAB JAMUN,14 OZ,559300,GTIN,,05593000,scanner sends the 8-digit code
VO6FEQGDYAP4QOBJAZK7ZGM3,GULAB JAMUN,14 OZ (2),874090,GTIN,,08740902,scanner sends the 8-digit code
L3IOXXEXJ2HUQ4ANUN4K4XJX,GULAB JAMUN,5 pc,734200,GTIN,,07342000,scanner sends the 8-digit code
JIHHT75CLO7BWANFAOFUALOP,GULAB JAMUN,5 PC (2),604400,GTIN,,06044008,scanner sends the 8-digit code
ZF6TTZHTAOZQAMNFRZWJZGKT,GULAB JAMUN RASGULLA,14 OZ,873400,GTIN,,08734008,scanner sends the 8-digit code
NMQQZTWUFCZQGU6ZNDFSLN6B,GULABJAMUN,7OZ,604600,GTIN,,06046006,scanner sends the 8-digit code
HAB7LCVMZQZJKF7FLMNIOE4B,GULB JAMUN,Regular,317100,GTIN,,03171002,scanner sends the 8-digit code
IZFRRSS4AMCYYYTIERQKJGCV,GUR BATATA RINGE,Regular,756400,GTIN,,07564006,scanner sends the 8-digit code
OR7O3DBWIDNTNVMGILZB3ANX,GUR GAJAK,Regular,564100,GTIN,,05641004,scanner sends the 8-digit code
ESI6OWNFZMK32ZQK3JIK5ATK,GUR PARE,14 OZ,406300,GTIN,,04063005,scanner sends the 8-digit code
GF64HHOZBP4QVIF3QGY45XIW,GUR REWADI,7 OZ,126356,GTIN,,01263565,scanner sends the 8-digit code
DAK7ZBAFKS72OOEJPR2VEDYY,GUR REWARI,14OZ,601600,GTIN,,06016005,scanner sends the 8-digit code
3U3H33FWB4KTM2DCDJLPIZ4S,HAKKA NOODLES,Regular,312200,GTIN,,03122006,scanner sends the 8-digit code
5722TN7DPCQHPWJTSGF5FQPE,HAMDARD JOSHANDA,30 GM,558400,GTIN,,05584002,scanner sends the 8-digit code
A6GBFR4BZGQ3TEP74OSHHRIG,HARDE SMALL,3.5 OZ,045120,GTIN,,00451206,scanner sends the 8-digit code
BM2N32UHI6K3HWQU5LK74MVS,HEINZ TOMATO KETCHUP,44 OZ,137350,GTIN,,01373501,scanner sends the 8-digit code
SDB7YQC3SLHSIIHXY3OMUUTY,HIMALUAN SAL,14.1 OZ,600600,GTIN,,06006008,scanner sends the 8-digit code
RMAU5EKXW66PC7HJ47ONEVEV,HORSE GRAM,4 LB,202330,GTIN,,02023300,scanner sends the 8-digit code
22E5QREJHTMYEDXST4R3WCLF,HYDERABADI BAINGAN,Regular,213200,GTIN,,02132004,scanner sends the 8-digit code
HUXZTZR4EO5OECVJJUWL2H5K,IDLI,Regular,316400,GTIN,,03164002,scanner sends the 8-digit code
DLDHTUE7KHCGXP33JTYH5GUZ,IDLI RICE,4Lb,319700,GTIN,,03197000,scanner sends the 8-digit code
DPR2BN4YJNQ3PBIRRESDLWBX,IDLI RICE,8Lb,319800,GTIN,,03198009,scanner sends the 8-digit code
6M66WY2HRWL2IKHUWYW5AKDW,INDIAN RAISIN,1 LBS,566100,GTIN,,05661008,scanner sends the 8-digit code
EN6IOU4LUU3IASRKPT5BO4UV,IPHONE CHARGER,6 FEET,767880,GTIN,,07678802,scanner sends the 8-digit code
WWAHKTBFNYNFJ3SXHLRKDE5L,IPHONE CHARGER,3 FEET,992300,GTIN,,09923005,scanner sends the 8-digit code
HEQGAMJCT27ARQTKQYDMVA3Z,JAIN CASHEW,11 OZ,586910,GTIN,,05869101,scanner sends the 8-digit code
ZJXJHMJIP7LY5IAJKPY3QBSG,JAIN CASHEWS,7OZ,586920,GTIN,,05869208,scanner sends the 8-digit code
55XERJH4VH4FTITGTIKRB5LL,JAIN FOODS MOTICHUR LADOO,14 OZ,939330,GTIN,,09393303,scanner sends the 8-digit code
AGEXRS2BGFV2VM7F24NHLPGA,JALEBI TIT BITS,Regular,554565,GTIN,,05545650,scanner sends the 8-digit code
L2OAUAUYQJI5TGT2JQYT3VOH,JASMINE RICE,4 LBS,565300,GTIN,,05653009,scanner sends the 8-digit code
EC76ALF47VAHRBV3F3TF3BPW,JEERA RICE,Regular,555400,GTIN,,05554001,scanner sends the 8-digit code
V7AMFD2NVCMK4DA4RPI7PC7Q,JUMBO CASHEWS,2LB,317500,GTIN,,03175008,scanner sends the 8-digit code
BYEH76GCPUXBK27OT7ZXVPZF,JUMBO CASHEWS,Regular,317400,GTIN,,03174009,scanner sends the 8-digit code
RN4TPPDAQNVMRTEARGELKSLL,JUMBO CASHEWS,3LB,318500,GTIN,,03185005,scanner sends the 8-digit code
JU6364ZEJSCSNHUWPUCIOTQ6,JUMBO DATES,1.5LB,318200,GTIN,,03182008,scanner sends the 8-digit code
AAPUMXTD5NDVMTTF4PPE35O4,KABAB CHINI,100G,001122,GTIN,,00011228,scanner sends the 8-digit code
ZCF3EGSR3HL7WZLGTVLWT7S7,KABULI CHANA,Regular (2),666600,GTIN,,06666002,scanner sends the 8-digit code
XLZUUXIUFPAVMT2G2Y7VJ5BL,KABULI CHANNA,4 LB,560300,GTIN,,05603004,scanner sends the 8-digit code
CBR3QJSXBTJ2NPMY4AQLSWRZ,KABULI CHANNA,8 LB,560400,GTIN,,05604003,scanner sends the 8-digit code
VOSCM7LQC4TV4XX5WGGJEUTW,KADAHI MASHROOM,Regular,987560,GTIN,,09875603,scanner sends the 8-digit code
WM2OBSVQQW2KIMHSWFL3QVBF,KADAHI MUSHROO,Regular,604100,GTIN,,06041001,scanner sends the 8-digit code
R3PSDDGJ4L34UVBFGEYEUYPU,KADAHI MUSHROOM,Regular,317222,GTIN,,03172223,scanner sends the 8-digit code
4M5LG3NISWJR6NFEN4SEDDGC,KADAHI PANEER,Regular,317200,GTIN,,03172001,scanner sends the 8-digit code
24NAETMJROHIKT2IAALLOZFQ,KADHI PAKORA,Regular,316000,GTIN,,03160006,scanner sends the 8-digit code
TI7NMRKI752IPQOD6UQNINH7,KAJU BADAM BURFI,7 oz,563100,GTIN,,05631007,scanner sends the 8-digit code
AY2KRIWGD5CWQ2LB7FA2PI2B,KAJU KATLI,7 OZ,503500,GTIN,,05035001,scanner sends the 8-digit code
Q3UFZH7V46GSLO56GY577HD4,KAJU PISTA BURFI,7 oz,501100,GTIN,,05011001,scanner sends the 8-digit code
AY3HO7JLI23TLFUH63C4GMZ4,KAJU PISTA PEDA,Regular,852000,GTIN,,08520001,scanner sends the 8-digit code
BGUE7H3YIHQXFHGSCCDJEVB7,KAJU PISTA PEDA,7 oz,843600,GTIN,,08436005,scanner sends the 8-digit code
6K6XIOSWBYAZIGLJWB4OCC62,KAJU PISTA ROLL,.50LB,872000,GTIN,,08720005,scanner sends the 8-digit code
CCSYGLNQXHUX5O2GPRQR4L34,KALA CHANA,4LB (2),308600,GTIN,,03086007,scanner sends the 8-digit code
HANB7FZPVWGAE37ZLWITVYQ6,KALA CHANA,2LB,308500,GTIN,,03085008,scanner sends the 8-digit code
DHC47ZVCQFJQAVEILKLNQMTL,KALA CHANNA,8LB,308700,GTIN,,03087006,scanner sends the 8-digit code
LNXSQUGWPOBE3OUYM2UW35WJ,KALA CHANNA COOKED,Regular,312000,GTIN,,03120008,scanner sends the 8-digit code
G3RVUAVAHLJ7WA7BFFTWB2IB,KALA JAMUN,14 OZ,304000,GTIN,,03040005,scanner sends the 8-digit code
6FBGPMYZZ2I3UVVHQYHX5YEX,KALA KUND,1LB,563000,GTIN,,05630008,scanner sends the 8-digit code
MGFFGZWN3FAXZ3PCG53AFPII,KALA KUND,9 oz,458900,GTIN,,04589008,scanner sends the 8-digit code
O2CIATWSXHDASTKBD5S5ZB23,KALI JEERA RICE,2 LB,600100,GTIN,,06001003,scanner sends the 8-digit code
W5NXND4FCQPCYFCST4AVWASB,KALONJI,7 OZ (200 GM),562800,GTIN,,05628003,scanner sends the 8-digit code
VVRZTVTKPI3RSWRYVAHJ4UY5,KALONJI,14 OZ (400 GM) (2),562900,GTIN,,05629002,scanner sends the 8-digit code
DAX3W73W3GTGGAMPQCLCXKZM,KALONJI,3.5 OZ,868767,GTIN,,08687678,scanner sends the 8-digit code
PHNX6VJNDVBHX36YIB7ZPMZU,KARELA ALOO,Regular,311400,GTIN,,03114007,scanner sends the 8-digit code
MFZ4AQK42VILAPNNM4KX67IR,KASHMIRI PILAF,Regular,557800,GTIN,,05578001,scanner sends the 8-digit code
SSLN5LSARKGFZGOEF6YDCLUD,KASHMIRI RAJMA,8LB,307600,GTIN,,03076000,scanner sends the 8-digit code
EATVWWSTBIWQJVZZ4BOA4PO2,KASHMIRI RAJMA,2LB,307400,GTIN,,03074002,scanner sends the 8-digit code
IWG74KGINVKLUP5JRTQ73SSW,KASHMRI RAJMA,4LB,307500,GTIN,,03075001,scanner sends the 8-digit code
ARG6CSU5WTXRPMET3OUMBBX4,KERALA KUTTARI RICE,4LB,356700,GTIN,,03567007,scanner sends the 8-digit code
RQLDTHBRN5S2SNC47AC5QD56,KERALA KUTTARI RICE,1LB,452300,GTIN,,04523002,scanner sends the 8-digit code
M33WU4XQY6TZTBR5LWC73ADP,KESAR PISTA BURFI,Regular,604300,GTIN,,06043009,scanner sends the 8-digit code
2W62C5V2CAUTJNZ3EX2B7QKU,KESAR PISTA LADOO,8 OZ,222300,GTIN,,02223003,scanner sends the 8-digit code
CTFDSOQLQXKXZ2LLHLCI7RNO,KESAR PISTA MOUSSE,Regular,459123,GTIN,,04591235,scanner sends the 8-digit code
BN7FUFZV5CHJW5HKG2I5O6XP,KESAR PISTA MOUSSE,Regular (2),456920,GTIN,,04569208,scanner sends the 8-digit code
EOGYK7RU6O52MD5J7G2JYWAB,KHAJOOR BURFI,.50lb,007400,GTIN,,00074005,scanner sends the 8-digit code
C7MI5CLUSS6YA66VSYZSHF5J,KHARI SING,500g,110258,GTIN,,01102581,scanner sends the 8-digit code
YTWN7Z6YSMTVJY7RXZTNXWZD,KHEER,Regular,319200,GTIN,,03192005,scanner sends the 8-digit code
U7HQVJGW34HJNFE6KSJX5LW5,KHEER MOHAN,7OZ,563200,GTIN,,05632006,scanner sends the 8-digit code
Y6LEAQYT7PBXKQ4HXKDXGBNW,KHOYA BURFI,7 OZ,345600,GTIN,,03456004,scanner sends the 8-digit code
YZMCLYSOWW2O5EQCE72QOQSG,KHOYA BURFI,7 oz (2),604900,GTIN,,06049003,scanner sends the 8-digit code
NSHSVSE3UYB2NQG5PROIJCO2,KHOYA COCONUT BURFI,12 OZ,979700,GTIN,,09797006,scanner sends the 8-digit code
POPJZN5RW4CE6ELAOT55YB6R,KIKKOMAN SOY SAUCE,10 OZ,413924,GTIN,,04139247,scanner sends the 8-digit code
TDAS7O5XBWTB6PVRKPBDVXW5,KIKKOMAN SOY SAUCE,5 FL OZ,413914,GTIN,,04139140,scanner sends the 8-digit code
2X6IQTSXVWR7T5TAXYWA3BHU,KJAU KESAR PEDA,12OZ,503600,GTIN,,05036000,scanner sends the 8-digit code
TQPO2QLC4MAQ3CTQPXY7TTXZ,KOFTA CURRY,Regular,082904,GTIN,,00829047,scanner sends the 8-digit code
ZCQACMCBJAFTXEJMKMD5Y4ML,KTC ALMOND OIL,300ML,466770,GTIN,,04667702,scanner sends the 8-digit code
B55TPHXYO7SHCK7R3IHKVS3T,KTC MUSTARD OIL,750 ML,558500,GTIN,,05585001,scanner sends the 8-digit code
47EI533XPIEAG63I3UZNQFBM,LADOO,Regular,561500,GTIN,,05615009,scanner sends the 8-digit code
GZ6672HVLVICUI6E357GHGFR,LAUKI KI SABJI,Regular,609300,GTIN,,06093004,scanner sends the 8-digit code
YRW6JOR6BWC3XAM2OGNDQUJS,LAUKI SABJI,Regular,784530,GTIN,,07845303,scanner sends the 8-digit code
2MKEQBUKSHQOWIFAMWB3USD5,LAXMI IDLI RICE 20 LB,20 LB,600004,GTIN,,06000044,scanner sends the 8-digit code
LQSVOVFMFHQUZ6JXVP3HB54U,LAXMI JASMINE RICE,10 LB,600005,GTIN,,06000059,scanner sends the 8-digit code
WAJ2RZHIDFPI4GQW3KWSUR6H,LAXMI KERALA PAPPADA,Regular,500000,GTIN,,05000005,scanner sends the 8-digit code
UQAGSV4AA3R3QRZ33ENZVM7D,LAZIZA FIRNI KHAS,150GMS (2),400500,GTIN,,04005001,scanner sends the 8-digit code
ASUVFEESJMBDCABNBK4MABWX,LAZIZA JELLY FALOODA MIX,235GMS,400700,GTIN,,04007009,scanner sends the 8-digit code
5X6PNDDHFECCV54PWTFNABTC,LAZIZA KULFI MALAI MIX: ALMOND,152GMS,400800,GTIN,,04008008,scanner sends the 8-digit code
PSJ7NRRI6JHL3O45X2SSHC5Y,LAZIZA RABRI FALOODA MIX,235GMS,400600,GTIN,,04006000,scanner sends the 8-digit code
M4PMRMDXNKUJ4RTLSSMXYMVA,LEMON GRASS RICE,Regular,566800,GTIN,,05668001,scanner sends the 8-digit code
KUGRETCBNPMBQLJER7Z4EWQE,LEMON RICE,Regular,316600,GTIN,,03166000,scanner sends the 8-digit code
ZS3PYXR2FLMOHQ3EDP2JKKFK,LG HING,1.75,600700,GTIN,,06007007,scanner sends the 8-digit code
76KZLFR7QF6KKA4ZF35ELAH6,LIGHT KIDNEY BEANS,8LB,307100,GTIN,,03071005,scanner sends the 8-digit code
6OOEUCJAMEPJATUDMLFMK66W,LIGHT KIDNEY BEANS,2LB,307300,GTIN,,03073003,scanner sends the 8-digit code
UG544YOCUNDKXDVJYDNYCHB7,LIGHT KIDNEY BEANS,4LB,307200,GTIN,,03072004,scanner sends the 8-digit code
KHOI6G5GDCEB5MHOU5Y76MHW,LIGHT KINDNEY BEANS,Regular,200750,GTIN,,02007506,scanner sends the 8-digit code
6B6ONWFKGIIVD4MYUTOD5CIV,LIPTON NATURAL TEA,226G,412870,GTIN,,04128708,scanner sends the 8-digit code
OJPVXMXEW3M5H6FCEOHMGPYD,LIPTON PURELEAF GREEN TEA,16 FL OZ,411470,GTIN,,04114705,scanner sends the 8-digit code
RE37G6XKHF7D6UYO2SAPJFK3,LIPTON PURELEAF ICED TEA: RASBERRY,16 FL OZ,419950,GTIN,,04199502,scanner sends the 8-digit code
OT3R67NGX5Z6FIDKE6XQDRH7,LIPTON TEA,100 TEA BAGS,412910,GTIN,,04129105,scanner sends the 8-digit code
WGBF3DRVXTGWEEH4KGRU2PFX,LOOSE TEA,1lb,781200,GTIN,,07812004,scanner sends the 8-digit code
M5Y2ZXXTJS74XK4HCDBA2RJY,LUCKNOW FENNEL SEED,7 OZ,098660,GTIN,,00986605,scanner sends the 8-digit code
LU3NJVGSRPQENYEQFFR5VAPG,M M,1.69 OZ,400310,GTIN,,04003100,scanner sends the 8-digit code
UP7WERXBIYG77AWMZSYNKXQ2,MAA CHOLEY DAL,Regular,313400,GTIN,,03134001,scanner sends the 8-digit code
MTCTKPG56JLPIRMRM6Q4A3MG,MAKHANI DAAL,Regular,606200,GTIN,,06062004,scanner sends the 8-digit code
FREGVVYNOQOKOQCQQ766KOKH,MAKHANI DAL,Regular,301400,GTIN,,03014000,scanner sends the 8-digit code
J6V3LIRR25DQNQ2CWTH655WE,MAKHANI PANEER,Regular,310600,GTIN,,03106008,scanner sends the 8-digit code
FIOPIMFEU76ZJTFLRTHRU5WW,MAKHANI PANIR,Regular,987700,GTIN,,09877009,scanner sends the 8-digit code
FAMFPMLWCVGTNP5ZIVC7LR3M,MAKHANI SAUCE,Regular,502900,GTIN,,05029000,scanner sends the 8-digit code
RJC5U3ZZ3YP7WGUWJIAFWWJ5,MALAI KOFTA,Regular,301200,GTIN,,03012002,scanner sends the 8-digit code
N3CA7NB4JZN7NYWFZN4GIDEG,MANGO BITES,Regular,651651,GTIN,,06516514,scanner sends the 8-digit code
6SNPH2QNVRWPWU5GPDFQ6HVI,MANGO CANDY,Regular,565000,GTIN,,05650002,scanner sends the 8-digit code
NJNIF5C55XNATSUXSJT5Q56S,MANGO CANDY,Regular (2),565500,GTIN,,05655007,scanner sends the 8-digit code
FV3MASE4IHS2D76K2QSNYAKO,MANGO CHUTNEY SMALL,Regular,568500,GTIN,,05685008,scanner sends the 8-digit code
P3MYIAKKCEW4W3NYAMSO2EHG,MANGO LASSI,Regular (2),989900,GTIN,,09899001,scanner sends the 8-digit code
6YQDNQFPF4FFOT3BU2E4C7XW,MANGO LASSI,Regular (3),123400,GTIN,,01234000,scanner sends the 8-digit code
D23L3E4S4KFTDN4VJEPELGRF,MANGO LASSI LARGE,Regular,387650,GTIN,,03876501,scanner sends the 8-digit code
4MHCWRR4BTKOKWNLDE3Z7KS6,MANGO LASSI MEDIUM,Regular,337850,GTIN,,03378504,scanner sends the 8-digit code
QKH3ZFS726D4CLKRB72BDSWY,MANGO LASSI SMALL,Regular,333850,GTIN,,03338506,scanner sends the 8-digit code
VH3GB7QVOM5IC4A74N6LCRHG,MANGO MOOSE,Regular,568400,GTIN,,05684009,scanner sends the 8-digit code
JZKXKU25U2LSO7CYNZNFVPMK,MANGO MOOSE,Regular (2),313800,GTIN,,03138007,scanner sends the 8-digit code
WBFXX6BOWZTI6UIOL4OD577S,MANGO MOOSE,Regular (3),888888,GTIN,,08888884,scanner sends the 8-digit code
MBJXFVTIQKXLHKRTZXBG6F3E,MANGO MOOSE BIG,Regular,313900,GTIN,,03139006,scanner sends the 8-digit code
ULI4OZ2SED6XOIR4OHV7N2O2,MANGO MOOSE SMALL,Regular,931300,GTIN,,09313006,scanner sends the 8-digit code
3JCWKHZRPRHZJLUCYRPWXRIY,MANGO MOOSE SMALL,Regular (2),454355,GTIN,,04543558,scanner sends the 8-digit code
NDCNJSIL2CQ5HS4RCTUVDS3J,MANGO MOUSSE,Regular,214321,GTIN,,02143213,scanner sends the 8-digit code
3TQIE2D4CG63VYTTGRVQLDC6,MANGO MOUSSE SML,Regular,588800,GTIN,,05888009,scanner sends the 8-digit code
MDUCDSVYKL6KLZG7PRM757J5,MASALA GUR,8OZ,452180,GTIN,,04521800,scanner sends the 8-digit code
NTIAERGINKGAVXVAY6UPLQPG,MASALA IDLI,5PCS,306200,GTIN,,03062007,scanner sends the 8-digit code
A7S77RNZBTPQX7ZSFNMAGCMB,MASHROOM,Regular,314900,GTIN,,03149003,scanner sends the 8-digit code
AU6NIETZRANWKSBXRQK3GGRQ,MASOOR DAL,8 LB,309300,GTIN,,03093007,scanner sends the 8-digit code
2H7DKOMHWJI5PHIK5HMFUDWP,MASOOR DAL,2 LB,309400,GTIN,,03094006,scanner sends the 8-digit code
Q54VESTSZ3XOSLFTDPDYASNH,MASOOR DAL,4 LB,309200,GTIN,,03092008,scanner sends the 8-digit code
M2OYYLAFZVGIOQ5ZZITJBNB2,MASOOR DAL SPLIT,2LB,200210,GTIN,,02002103,scanner sends the 8-digit code
UO7556L34ZBPPIO6H4NXXOOV,MASOOR DAL SPLIT,4LBS,200200,GTIN,,02002006,scanner sends the 8-digit code
LMOAH5FB2FGTWGWGZS26MFEX,MASOOR GOTA,4LB,309100,GTIN,,03091009,scanner sends the 8-digit code
UENAV4RRPQOGQZP7TIN3RVVT,MASOOR GOTA,2LB,309000,GTIN,,03090000,scanner sends the 8-digit code
RZBINH4MN63PHLEPJPA4GV74,MASOOR WHOLE,8 LB,559400,GTIN,,05594009,scanner sends the 8-digit code
Q7B3DL6SOKDSJ76BN6KHFXWO,MATHI,3PCS,141641,GTIN,,01416415,scanner sends the 8-digit code
CKBDWKAO6ZJWGOAG7SYNQA7G,MATTAR MAKHANA,Regular,610900,GTIN,,06109002,scanner sends the 8-digit code
5JMDQMSP46YH2CY2M6WUCY7X,MATTAR MUSHROOM,Regular,608900,GTIN,,06089001,scanner sends the 8-digit code
DRGNZS3FZCBN5CHJUBHFRGKU,MATTAR PANEER,Regular,313200,GTIN,,03132003,scanner sends the 8-digit code
FA652U653RISR2QSO5NS53DP,MATTAR SOYA WADI,Regular,403000,GTIN,,04030007,scanner sends the 8-digit code
LCNSJU3NHEV5WP77NNC5HOIZ,MAYA COCNUT FLAKES,1LB,302600,GTIN,,03026005,scanner sends the 8-digit code
Y3ID3Q7K3EPQWVM4WG7HGH4N,MAYA FATKADI,100GM,304400,GTIN,,03044001,scanner sends the 8-digit code
GDVEXPLM3VFY5VA6O6FIEXTC,MAYA PEANUT BLANCHET,1LB,305500,GTIN,,03055007,scanner sends the 8-digit code
BJ42OPBQNI4CA5P6QJIOECSS,MAYA PHOOL MAKHANA,100GM,303000,GTIN,,03030008,scanner sends the 8-digit code
HHRFXJFMQPUMB7R2ZI4EVYGE,MAYA SOYA WADI,1 LB,565600,GTIN,,05656006,scanner sends the 8-digit code
XLZ5OFRSBLGBFVBOISC4H4JL,MAYA YELLOW BROWN CUMIN,200GM,587860,GTIN,,05878604,scanner sends the 8-digit code
ERNFJX4TUWD67WIYKZLKF3XE,MEDJOOL DATES,Regular,444444,GTIN,,04444446,scanner sends the 8-digit code
QCQ2TZUDPZ2P2TLAT4K6SCTC,MEDJOOL DATES,1 LB,562200,GTIN,,05622009,scanner sends the 8-digit code
RXBTWIXRLK5Z732YBRMLCB4C,MEDJOOL DATES,11 LB,653200,GTIN,,06532008,scanner sends the 8-digit code
6AKTXSU5J3EBYS5AGGGF2DYG,METHI ALOO,Regular,600200,GTIN,,06002002,scanner sends the 8-digit code
UUANFTNY4IR7DFW24O2Q3H6O,METHI POWDER,7 OZ,602500,GTIN,,06025003,scanner sends the 8-digit code
WBBPQ3HMMCTRWET2DN43KJF6,METHI SEED (FENUGREEK),14 OZ (400 GM),562700,GTIN,,05627004,scanner sends the 8-digit code
GTHVNJQJ7IYVV2C64MZWMQZO,METHI SEED (FENUGREEK),7 OZ (200 GM),562600,GTIN,,05626005,scanner sends the 8-digit code
J5Q6VDXFA7PKGV2NEFOTSXZ6,MILK CAKE,7 OZ,002580,GTIN,,00025805,scanner sends the 8-digit code
SSGUXWXUQT2PS3V5CPPIKJVK,MINI BHAKARWADI,Regular,128700,GTIN,,01287002,scanner sends the 8-digit code
5EXYDDW5AW5EV2NBPIK62PBI,MINT CHUTNEY,Regular,319000,GTIN,,03190007,scanner sends the 8-digit code
SYTSEAFCBZ3UCGNYU3P7GOY7,MINT RICE,Regular,601200,GTIN,,06012009,scanner sends the 8-digit code
VZOLBLR2EU7KZZ5ACHOQWAXQ,MIX DRY FRUIT,1LB,316200,GTIN,,03162004,scanner sends the 8-digit code
5SGD4C2QGOJG2FIIIPAMG6HX,MIX DRY FRUIT,4Lb,401800,GTIN,,04018005,scanner sends the 8-digit code
B3ZEEN42FE4JGLDMLTF7SOXG,MIX DRY FRUIT,2 LB,216300,GTIN,,02163004,scanner sends the 8-digit code
J4VJLU6U3D7ZCNKLRQLD2M7D,MIX DRY FRUIT,400 GM,201690,GTIN,,02016902,scanner sends the 8-digit code
TMZIXM5ZMLPSOZDR5VSGC6YR,MIX DRY FRUIT,2 LB (2),606100,GTIN,,06061005,scanner sends the 8-digit code
JK3XHX4YPWV5KKZCU6UIDUKG,MIX DRY FRUIT BURFI,7 OZ,546210,GTIN,,05462100,scanner sends the 8-digit code
VIWCAGZDHDDQXAPMWPCHJ6K4,MIX DRY FRUIT BURFI,7 OZ (2),607100,GTIN,,06071002,scanner sends the 8-digit code
PAX6AXDJFVNNGOUAUY5PEEOI,MIX VEG IN SAUCE,Regular,564600,GTIN,,05646009,scanner sends the 8-digit code
Q5Y3EW5I5IOLLMSARUDCNCDC,MIX VEG MAKHANI,Regular,313300,GTIN,,03133002,scanner sends the 8-digit code
VV26A2UWHT2XF4SQIJ4AEJZ2,MIX VEGETABLE,Regular,312700,GTIN,,03127001,scanner sends the 8-digit code
FBSG2PFMKORU5RVB7ZX4BZBU,MOONG CHILKA,2 LB,306500,GTIN,,03065004,scanner sends the 8-digit code
QWTOU2OLNAYZYDRWCK4Y6EEI,MOONG CHILKA,4LB,306400,GTIN,,03064005,scanner sends the 8-digit code
A5JSFNUO5A7VQO4Y6CPJMSKQ,MOONG CHILKA,8LB,407700,GTIN,,04077008,scanner sends the 8-digit code
NJFP7R77CHAZAKR3UO36KKAX,MOONG DAL,Regular,305100,GTIN,,03051001,scanner sends the 8-digit code
IE5G2N27K3J6ORHMOKYNK4AD,MOONG DAL,Regular (2),316700,GTIN,,03167009,scanner sends the 8-digit code
L76O7R7DD3DSPUQ2K5DQTLEC,MOONG DAL,4 LB,305000,GTIN,,03050002,scanner sends the 8-digit code
7YY6ZSZTJLR6JQO5PUDUZ7YA,MOONG DAL,8 LB,304900,GTIN,,03049006,scanner sends the 8-digit code
NM54ZKBAAL46ETD7WLZH2FLS,MOONG DAL,Regular (3),305200,GTIN,,03052000,scanner sends the 8-digit code
HR36OFNSIYOES33TVLGFYTQZ,MOONG DAL,Regular (4),200470,GTIN,,02004703,scanner sends the 8-digit code
5A7M7S4PKRE4FCZB6ZTT3WIR,MOONG DAL BURFI,.50 LB,888800,GTIN,,08888006,scanner sends the 8-digit code
VYGJM6Y7FRVRZ2W4MO4XE3JP,MOONG DAL HALWA,Regular,601300,GTIN,,06013008,scanner sends the 8-digit code
OSCIVF63WWU7RFBERVGACS2V,MOONG DAL KHICHDI,Regular,306300,GTIN,,03063006,scanner sends the 8-digit code
YN2D47L2HAJK262IKTKOCWNH,MOONG DAL LADOO,Regular,089650,GTIN,,00896508,scanner sends the 8-digit code
PMZBG2TXF5ZFLMQSQTTBQORG,MOONG DAL LADOO,14 OZ,603900,GTIN,,06039006,scanner sends the 8-digit code
LMLLOC2JMVFM5WMKXQRZHZU5,MOONG DAL SALAD,Regular,078945,GTIN,,00789455,scanner sends the 8-digit code
NBU5FCEHADT5UML6KT7RKGUE,MOONG DAL SALAD,Regular (2),605800,GTIN,,06058001,scanner sends the 8-digit code
RIHZS6ONBGZIKGI2X7X4Y55G,MOONG WHOLE,4 LB,305300,GTIN,,03053009,scanner sends the 8-digit code
B5U3Z7RR5DINJWY43B7ZK7WW,MOONG WHOLE,8 LB,305400,GTIN,,03054008,scanner sends the 8-digit code
PB34WKUNTR2X3XGCENCEMHA6,MOTH BEANS,Regular,022300,GTIN,,00223005,scanner sends the 8-digit code
L2LQN46GW7YK3SCGWZSZ7JAD,MOTH WHOLE,4LB,308800,GTIN,,03088005,scanner sends the 8-digit code
ITYLWYJAQ3MOXY56OGKJG53S,MOTH WHOLE,2LB,308900,GTIN,,03089004,scanner sends the 8-digit code
ALKZ5EC5N24Q56RHRMBRIOEP,MOTICHOOR LADOO,Regular,195200,GTIN,,01952005,scanner sends the 8-digit code
QMXWYZ5BIQI2VGATUL75B4OC,MOTICHOOR LADOO,1 LB,258910,GTIN,,02589107,scanner sends the 8-digit code
X2UJHYF2DL3DWTA3577EKZCX,MOUNTAIN DEW,12 OZ,124450,GTIN,,01244502,scanner sends the 8-digit code
GDJQTTEOZWJDIUIQZW3D5BYO,MOUNTAIN DEW,20 FL OZ,121310,GTIN,,01213104,scanner sends the 8-digit code
D2KHRGIK4AJ2JEH5R2T4ZQH5,MTR RICE IDLE,Regular,563630,GTIN,,05636303,scanner sends the 8-digit code
AKUJVA52O4NNZPJL6BWJUCPJ,MULLEGATWANY SOUP,Regular,654325,GTIN,,06543259,scanner sends the 8-digit code
U6W3N5NY3XUSGSZIY4BT5U3I,MULLIGATWANY SOUP,Regular,359785,GTIN,,03597859,scanner sends the 8-digit code
NBJCDABZFVLSCR62LJ5P2ZDP,MUSHROOM MASALA,Regular,319300,GTIN,,03193004,scanner sends the 8-digit code
WP4ZRN7NKNFN4BD4MQDBXEFV,MUSHROOM MATTAR,Regular,444400,GTIN,,04444008,scanner sends the 8-digit code
RP37ABVVX5EHMOSLJ2ZZHLXM,MUSTARD OIL,500mL,405300,GTIN,,04053008,scanner sends the 8-digit code
NYVTU42MUQQQBGP7CYBAKJOK,NAN KHATAI,Regular,219200,GTIN,,02192006,scanner sends the 8-digit code
O77ECSV3VLRTYAXEQODZBN4E,NAVRATAN KORMA,Regular,318600,GTIN,,03186004,scanner sends the 8-digit code
DYPZ7UXUYVH35SOTQK6OYSTO,NUTMEG,100GM,304300,GTIN,,03043002,scanner sends the 8-digit code
KX7F5ZTYBFDPOE6T4ZGAEFWI,PAKORA,Regular,312900,GTIN,,03129009,scanner sends the 8-digit code
UC5FHG66HV5KOP7EXM5TWVWC,PALAK ALOO,Regular,311100,GTIN,,03111000,scanner sends the 8-digit code
A7N6TRRGIG6M3J5D5ZLARZ2V,PALAK PANEER,Regular,313500,GTIN,,03135000,scanner sends the 8-digit code
TVTP7BOWCKMBIT4HXPCBUOAT,PALMOLIVE,10 FL OZ,350570,GTIN,,03505706,scanner sends the 8-digit code
Y2IUA5HKQMVB3MXKTETSRJS3,PALMOLIVE,10 FL OZ (2),350590,GTIN,,03505900,scanner sends the 8-digit code
SGTJUYYUWLL26YZU3BVV7VWA,PALMOLIVE,10 FL OZ (3),351630,GTIN,,03516304,scanner sends the 8-digit code
JU76V6UWWBFCKFKFEKZNL2NY,PANCH KATHOL,Regular,556600,GTIN,,05566006,scanner sends the 8-digit code
HNCN2FXI4VLIHK2O46DHWNPM,PANCH PURAN,7OZ,337780,GTIN,,03377806,scanner sends the 8-digit code
37IJTSU5HP2UJO5WTGB26O2E,PANCH PURAN,200gm,202480,GTIN,,02024804,scanner sends the 8-digit code
ECYRAQE7OXVBEMZ6DPG4A5X7,PANEER BHURJI,Regular,301100,GTIN,,03011003,scanner sends the 8-digit code
VEUNQ7U5SWZPOUO2352GFJLD,PANEER KI KHEER,Regular,609100,GTIN,,06091006,scanner sends the 8-digit code
43BAAYODIMOOPGTIPUXAMPTI,PANEER KORMA,Regular,781000,GTIN,,07810006,scanner sends the 8-digit code
ABUJMAXRUCPKYWSLDPL6RIWW,PANEER KORMA,Regular (2),607800,GTIN,,06078005,scanner sends the 8-digit code
FORVCXDLGLMPU45GIFXFGT5K,PANEER TAUBA TAUBA,Regular,402300,GTIN,,04023007,scanner sends the 8-digit code
3RO22JWYZYC624RIFR7XZRBD,PANEER TIKKA,Regular,609200,GTIN,,06092005,scanner sends the 8-digit code
6JY4XZW4XYYO5TUMXNIDKCIK,PANEER TIKKA MASALA,4LB,308100,GTIN,,03081002,scanner sends the 8-digit code
JQ76F7UHEU6V6I66GOGK3EE2,PANEER TIKKA MASALA,Regular,479500,GTIN,,04795003,scanner sends the 8-digit code
WZEJ3O4OKRMBXYHE67CYHCEN,PANIR KORMA,Regular,934556,GTIN,,09345560,scanner sends the 8-digit code
P5DJJX4BHTXB3NCDNJV722ID,PANJIRI,Regular,864000,GTIN,,08640002,scanner sends the 8-digit code
ENPIFKORSEFHDJDVSYVBKMIF,PAPDI,Regular,601400,GTIN,,06014007,scanner sends the 8-digit code
BOIXWNJFGLNLT27TUBLDX2HO,PAPDI,Regular (2),314500,GTIN,,03145007,scanner sends the 8-digit code
E4JQ5FIJZE3MRRRLA4GJNYGD,PAPDI,.50 GM,205060,GTIN,,02050605,scanner sends the 8-digit code
WWTCINVY44HSDRKMUXDV5BMU,PAPDI,Regular (3),610000,GTIN,,06100001,scanner sends the 8-digit code
62ISB75BBOYBJ2MU2EPUQAZV,PARAS AJWAIN COOKIE,340 GM,611300,GTIN,,06113005,scanner sends the 8-digit code
UGB4JL4YUWUJAIIMYE7ZOO4L,PARAS FRUITS KAJU COOKIES,350 GM,611500,GTIN,,06115003,scanner sends the 8-digit code
WFFQD2VGHK7HBG4J3DD4YGVE,PARAS KAJU COOKIES,350 GM,611400,GTIN,,06114004,scanner sends the 8-digit code
VW5R4UU7IECOTXOI7IZVP764,PASTA,Regular,743600,GTIN,,07436006,scanner sends the 8-digit code
5V3GZMZJ5JGJOMPGENM67JPG,PASTA SALAD,Regular,178520,GTIN,,01785203,scanner sends the 8-digit code
W2SR3BIV2IA2QYGDF2UYY3FT,PAV BHAJI,Regular,401200,GTIN,,04012001,scanner sends the 8-digit code
SZQJRRBKNUO4LF6NDSM2IZPZ,PEANUT,2 LB,560100,GTIN,,05601006,scanner sends the 8-digit code
4H44QSQ6FQ667DNK4XE7OZ2P,PEANUT,1.5 LB,560000,GTIN,,05600007,scanner sends the 8-digit code
VLV4G35KZLFYC5OPWZ7LSBEE,PEANUT,1.5LB,567100,GTIN,,05671005,scanner sends the 8-digit code
J3534J4KNMDO6KMYGWDUUDGD,PEANUT,4 LB,560200,GTIN,,05602005,scanner sends the 8-digit code
3WR24CFKXKRCESZ7AVYQPNHU,PEANUT M M,Regular,400320,GTIN,,04003207,scanner sends the 8-digit code
FOBWTHMJQONBS3WB7MW2EVUS,PEANUTS BLANCHED,2LBS,406900,GTIN,,04069009,scanner sends the 8-digit code
VX7SAOHKNPOXPJWIKZYUTFPZ,PEAS PILAF,Regular,314400,GTIN,,03144008,scanner sends the 8-digit code
Y6JGSG62PQ6UFJLPXNCUU2NP,PEELED GARLIC,Regular (3),406800,GTIN,,04068000,scanner sends the 8-digit code
F4AQ6B4G5NEVQPJUKL7VNWAT,PEPRIKA,200G,303800,GTIN,,03038000,scanner sends the 8-digit code
FYZA4BLMRGLOHYWKVQY2TYCL,PEPSI,12 OZ,124430,GTIN,,01244308,scanner sends the 8-digit code
KTRWBQYHUSNGVGGS2747NKX7,PEPSI,20 FL OZ,121290,GTIN,,01212901,scanner sends the 8-digit code
A64HI3LWPEIRBAUKN7H3XXW4,PHENI COOKED,Regular,666670,GTIN,,06666701,scanner sends the 8-digit code
UHZKU27MPB2SZ2KA6XF6TZXH,PHIRNI,Regular,933330,GTIN,,09333301,scanner sends the 8-digit code
7NPYVKRMNJLYRUASFS3MU7UA,PHOOL MAKHAN,.36LB,500800,GTIN,,05008007,scanner sends the 8-digit code
WCMBQTZX4YIDWG2LY7BNQRVT,PHOOL MAKHANA,7 OZ,563600,GTIN,,05636002,scanner sends the 8-digit code
KOJNDXWCCUMNA6ZN2EH4XHKP,PICKLE MASALA,200G,303700,GTIN,,03037001,scanner sends the 8-digit code
WH67IXQCA2UJDGIILDTPUMRX,PISTACHIO KERNEL,100 GM,558100,GTIN,,05581005,scanner sends the 8-digit code
37S76IWC5ZDOPLM3BYORGZ3C,PLAIN PARANTHA,5 PCS (2),561900,GTIN,,05619005,scanner sends the 8-digit code
Z3SAQICCSF7KCEWR43FUGFMJ,POHA,Regular,333380,GTIN,,03333802,scanner sends the 8-digit code
QDIC7ZULDFLJ5WGI5YJLI6IN,POHA,Regular (2),976000,GTIN,,09760002,scanner sends the 8-digit code
GP3Z7DRJKHC53EVIOXKDKDGT,POPPY SEEDS,7 OZ,566400,GTIN,,05664005,scanner sends the 8-digit code
KOOSGT3OUAENI332BSTCQVY7,POPPY SEEDS,3.5 OZ (100 GM),561200,GTIN,,05612002,scanner sends the 8-digit code
JBIS5BB6M3CAXSPOSCT5UVAI,POPPY SEEDS,7 oz (2),166503,GTIN,,01665030,scanner sends the 8-digit code
MT46LHM7UGI6W4ZIXPRQA2CV,POPPY SEEDS,400 G,205230,GTIN,,02052302,scanner sends the 8-digit code
LODH5MVTV6PGUTP2UJK77Z7P,POTATO,Regular,999900,GTIN,,09999008,scanner sends the 8-digit code
SYR6CGSDWF77O5PQNENPG2IS,POTATO POHA,Regular,559900,GTIN,,05599004,scanner sends the 8-digit code
3C2QIH7O2IX5APGHWVQX5VSB,POTATO POHA,Regular (2),334455,GTIN,,03344552,scanner sends the 8-digit code
GWIQWAJX44BLZPBE25XJQPXD,POTATO POHA,Regular (3),605200,GTIN,,06052007,scanner sends the 8-digit code
OFVYDI63ATKUDTEJWNULBSEL,PUJA NUT,.50LB,578990,GTIN,,05789904,scanner sends the 8-digit code
HFYAHBBCDWW5T7FT7XYEOMQO,PUJA NUT 4OZ,Regular,727220,GTIN,,07272208,scanner sends the 8-digit code
6F5WE4A5MPFLERLXWOI5F5YI,PUJA NUT FLAKES,70gm,201490,GTIN,,02014904,scanner sends the 8-digit code
6NORTWA22E5KTRYL3JORMVG4,PUJA NUT WHOLE,Regular,727270,GTIN,,07272703,scanner sends the 8-digit code
3OWKE6OY2CPHQPXVFVT4OXKD,PUJA NUT WHOLE,4OZ,609500,GTIN,,06095002,scanner sends the 8-digit code
2DROOSD6OXGYLF4E7EQTBSB2,PULSE CANDY,3.5 OZ,345780,GTIN,,03457809,scanner sends the 8-digit code
MDCHM553I5ZXINNNDLJEOAQP,PUMPKIN SABJI,Regular,613210,GTIN,,06132107,scanner sends the 8-digit code
DSOOLZTV53JPJK6YLIO452PZ,PUMPKIN SABJI,Regular (2),610100,GTIN,,06101000,scanner sends the 8-digit code
NCYREPVMLNFSLJ6GKVYPTWQD,PUNJABI GUR,1LB,848393,GTIN,,08483932,scanner sends the 8-digit code
TEYK2HJ34IMWHTM4A7YZ4ODC,PUNJABI TINDA,Regular,823800,GTIN,,08238009,scanner sends the 8-digit code
LCB52WRWRSB74PMASXHWSA2A,PUNJABI VADI,Regular,200860,GTIN,,02008602,scanner sends the 8-digit code
5J77HEZ64H2RB5ETN2MA65IP,PUNJABI WADI,14 OZ,601000,GTIN,,06010001,scanner sends the 8-digit code
CISJQAKD4JXF3IHPT4YPW4WX,PUNJIRI LADOO,9 OZ,416780,GTIN,,04167804,scanner sends the 8-digit code
7ONEOO7W3PZMTCHBLCBWR2HD,PUNJIRI LADOO,12 OZ,510650,GTIN,,05106501,scanner sends the 8-digit code
K2C4KTXM7STQSXLINZUJDTTY,PUNJIRI LADOO,14 OZ,609900,GTIN,,06099008,scanner sends the 8-digit code
QABB3DJKWPNOUMAM3QLSO76B,QUINOA SALAD,Regular,987540,GTIN,,09875409,scanner sends the 8-digit code
75NKSUQ2E5GRKBCB4KJVGTYW,QUINOA SALAD,Regular (2),854300,GTIN,,08543002,scanner sends the 8-digit code
4NYM7JOXSAFTWKXK3I5EJLCZ,QUINOA SALAD,Regular (3),556000,GTIN,,05560002,scanner sends the 8-digit code
TOK3Z7KVJWTIBOUSCICEXDRN,QUINOA SALAD,Regular (4),607700,GTIN,,06077006,scanner sends the 8-digit code
GJ6OM3WDLO425CPRPLVWP66X,QUINOA SALAD,Regular (5),607600,GTIN,,06076007,scanner sends the 8-digit code
4L3CV7KMAMXMFJQ3JQXKQV22,QUINOA SLAD,Regular,304050,GTIN,,03040500,scanner sends the 8-digit code
JDC2ZK7R3FC3QLH3XFDMGOLB,QUINOA WHITE 2LB,Regular,252598,GTIN,,02525983,scanner sends the 8-digit code
OVLLPHHDPJO2T7GMNNEINQRW,RADHUNI MUSTARD OIL,500ml,261221,GTIN,,02612218,scanner sends the 8-digit code
QC5HVSFQGIT5B4NN7QZOIW6K,RAISINS,1LB,456770,GTIN,,04567705,scanner sends the 8-digit code
OGDTRC74HKWZMX333T5JBJJ5,RAITA,Regular,605600,GTIN,,06056003,scanner sends the 8-digit code
MP5SHM3XBQXZJIEYLTRIVUIY,RAJBHOG JALEBI,5 OZ,607500,GTIN,,06075008,scanner sends the 8-digit code
EM2ZFUDAUFW7SCG6YNO537BG,RAJMA,Regular,311800,GTIN,,03118003,scanner sends the 8-digit code
G2E5K5ZQOWVHHSE225XZLKYM,RAJMA,Regular (3),100079,GTIN,,01000795,scanner sends the 8-digit code
WSRSALVT6Y3LWJHBYLL6OVS4,RASGULLA,14 OZ,487642,GTIN,,04876421,scanner sends the 8-digit code
6TQQ3BXM6KV4K3VKQ6MTVXF7,RASGULLA,7 OZ,965400,GTIN,,09654004,scanner sends the 8-digit code
XY63VZPDJ5GSJDEUECX3TMOM,RASGULLA,14OZ,608100,GTIN,,06081009,scanner sends the 8-digit code
BYVQBNOHRAUC5SJNPN4OOIDC,RASGULLA GULAB JAMUN,14 OZ,501000,GTIN,,05010002,scanner sends the 8-digit code
F5PAMNEXYEMCQRR43DWTQHUS,RASMALAI,Regular (2),909090,GTIN,,09090907,scanner sends the 8-digit code
XYK26YF72U344FUAS55M34UZ,RASMALAI,10 PCS,232124,GTIN,,02321248,scanner sends the 8-digit code
Z55IABMGUNS2UXKACPAM5HXC,RASMALAI,Regular (4),605100,GTIN,,06051008,scanner sends the 8-digit code
EYO2MIVVRCTNYUGWQOASXOXM,RASMALAI,Regular (5),605900,GTIN,,06059000,scanner sends the 8-digit code
WOYDKJOSYAOENSMZA2JB4PLN,RATNA ALPHONSO MANGO PULP,30 OZ,405000,GTIN,,04050001,scanner sends the 8-digit code
OY75GSYNZE7BSD6IE6AH6W4N,RAVA IDLI,5 PCS,564700,GTIN,,05647008,scanner sends the 8-digit code
ROUC44DUFYNTTEVXS7BYH256,RAW PEANUT,2LB,310500,GTIN,,03105009,scanner sends the 8-digit code
VAZY5QC6OKX3ZOLVJT6OCZS7,RAW PEANUTS,1LB,310400,GTIN,,03104000,scanner sends the 8-digit code
SCHSA3XO5PXQAKVNF7ZTDGPM,RAW PEANUTS,4 LB,566300,GTIN,,05663006,scanner sends the 8-digit code
YYR723ER25NN4B3T54XYGDMR,RED BEANS,Regular,200740,GTIN,,02007409,scanner sends the 8-digit code
WTF6TVNRSAO2FCNZCZITS2QO,RED CHORI,Regular (2),201040,GTIN,,02010403,scanner sends the 8-digit code
EGDHZBCEL75IMC5FR6IWNCWI,RED MUKHWAS,200 gm,254698,GTIN,,02546988,scanner sends the 8-digit code
I2DHQCPSXYTHRVXL6JEKBQOM,RED OUINOA,1lb,128540,GTIN,,01285402,scanner sends the 8-digit code
KKW3DDUH6SCR3CX42P6RV56S,RED QUINOA 2LB,Regular,989878,GTIN,,09898783,scanner sends the 8-digit code
BP4PSHJVOM5JRL2OL2AK5OBF,RED RICE,4 LB,814560,GTIN,,08145604,scanner sends the 8-digit code
77KME3ZAJFJZKMUFZTRJECVW,RED RICE,3 LB,017680,GTIN,,00176806,scanner sends the 8-digit code
KY23X4HKRFS2NJWFIP6VRGLA,RED SPLIT LENTILS,4LB,315600,GTIN,,03156003,scanner sends the 8-digit code
PQWVO7VZ2KBXMNWUMV2JRL75,RED SPLIT LENTILS,2LB,315700,GTIN,,03157002,scanner sends the 8-digit code
7U7S6S2QZBBYPZMFK4ZQUV3T,REENU PANI PURI,200G,203090,GTIN,,02030902,scanner sends the 8-digit code
J6O2XPXBCJMRGMATXXTLHP3U,REWRI SUGAR CANDY,.50 LB,433600,GTIN,,04336002,scanner sends the 8-digit code
QNADUVPJVRSEPVDVZOOMH4YM,RICE FLOUR,2lb,402900,GTIN,,04029001,scanner sends the 8-digit code
3T2WI7VYCKW3GVHRSCWSBZBM,RICE FLOUR,4 LB,345670,GTIN,,03456703,scanner sends the 8-digit code
S5NPDQIFMGQWJYT5AMYMQSYD,RICE NOODLES,Regular,402000,GTIN,,04020000,scanner sends the 8-digit code
LIUJGPUAXLJ3CJKM5NVHA2GZ,RICE PILAF,Regular,313700,GTIN,,03137008,scanner sends the 8-digit code
EXH4FVU4OPDI4WUWZXRA5VBX,ROASTED CHANA,14 OZ,111100,GTIN,,01111002,scanner sends the 8-digit code
REFP5G2PBERY3I3U6KXD7OXQ,ROASTED CHANA,28 OZ,111200,GTIN,,01112001,scanner sends the 8-digit code
NRODUPMAF7KKXMPV66YTE2QF,ROASTED CHANA DAL,14 OZ,563900,GTIN,,05639009,scanner sends the 8-digit code
YRC3YM7DMAE7LKML5ISJWXSS,ROASTED CORN,7 OZ,503000,GTIN,,05030006,scanner sends the 8-digit code
7LYX73X5JRTZTLD5IHKNYUMF,ROASTED CORN,14 OZ,503100,GTIN,,05031005,scanner sends the 8-digit code
GG6UPO4MU4Y2VBAANBMBZHJI,ROASTED KALA CHANA,1LB,406100,GTIN,,04061007,scanner sends the 8-digit code
BPLW25777DRT7RDXVII7YIAI,ROASTED PISTACHO,1 LB,308000,GTIN,,03080003,scanner sends the 8-digit code
OVDLNRU3SULKXXYHZAFZXK7I,ROASTED SALTED CASHEW,28 OZ,561700,GTIN,,05617007,scanner sends the 8-digit code
HATYQP2WLHWEIPP455VNV4ZK,ROASTED SALTED CASHEW,14 OZ,561600,GTIN,,05616008,scanner sends the 8-digit code
5HYRUINXDHO3CMMVY2Y2FUFN,ROASTED SALTED CASHEWS,1LB,407800,GTIN,,04078007,scanner sends the 8-digit code
DDT2747JDOUUYV7JSCCWG5WU,ROASTED SALTED PISTA,2 LB,563400,GTIN,,05634004,scanner sends the 8-digit code
RGGY3XXXNJNRPSX7MHCFXTAB,ROASTED SALTED PISTACHO,1 LB,301500,GTIN,,03015009,scanner sends the 8-digit code
CVGXTXXKICUYJN6TL4WTVF6B,ROASTER CHANA,400 GM,739870,GTIN,,07398708,scanner sends the 8-digit code
PVF5CKEUHE6KQC3Z5K6RYPUG,ROCK CANDY,400 GM,201240,GTIN,,02012401,scanner sends the 8-digit code
TDXZ6ODFRFHCU4NSOMTDA26O,ROSE BRAND BLACK SALT,7oz,406000,GTIN,,04060008,scanner sends the 8-digit code
NACDHD7XG4ZXLYVFIGDF72ZV,ROSE BRAND CLOVES,3.5 OZ,405600,GTIN,,04056005,scanner sends the 8-digit code
TIPKF3L7VRVGS4WBTADPZT67,ROSE BRAND JAVETRI,3.5oz,405800,GTIN,,04058003,scanner sends the 8-digit code
UPOQMPBXEX5DM4MI73V27XEE,ROSE BRAND TUKMARIA,7oz,400400,GTIN,,04004002,scanner sends the 8-digit code
22CT2JLQWILEHX45EE5DLXGE,SABUDANA KHICHDI,Regular,560500,GTIN,,05605002,scanner sends the 8-digit code
IPYOZG2IP6QDSNKVKCCSIB27,SAFFRON MOOSE,Regular,464640,GTIN,,04646408,scanner sends the 8-digit code
OGWTGVM2TRK7OJEMLXITHEDR,SAFFRON PEAS PILAF,Regular,564300,GTIN,,05643002,scanner sends the 8-digit code
ZL72KFY44LEGOC2ZBSCYQ2AD,SAGO SEEDS,2 LB,559600,GTIN,,05596007,scanner sends the 8-digit code
FGMDJCJBX4QM3RCYFCIJDQ4L,SAGO SEEDS,4 LB,559700,GTIN,,05597006,scanner sends the 8-digit code
L7NPYPDMANS3WBFVLI7X7DNH,SALT LASSI,Regular (2),854400,GTIN,,08544001,scanner sends the 8-digit code
YMY6OAJKQWTCLCQPCPDOBAPO,SAMBAR BIG,Regular,777500,GTIN,,07775006,scanner sends the 8-digit code
B6DPPVNUZDKJKZGM2THPVDZS,SAMBER,Regular,311300,GTIN,,03113008,scanner sends the 8-digit code
BJD4SYG5B54LDFZQ2Z2VULJA,SARSO KA SAG,Regular,310700,GTIN,,03107007,scanner sends the 8-digit code
SYWTMV6VZAVDNJTTHC2LR75S,SCHEZWAN FRIED RICE,Regular,558800,GTIN,,05588008,scanner sends the 8-digit code
XAS4RSM5PP33V4PY7BCPZJML,SCHWEPPES GINGER ALE-SUGAR FREE,Regular,783460,GTIN,,07834608,scanner sends the 8-digit code
B2DYOWH226YQFO5OHIOLMWAH,SHAKKAR PARA,Regular,560600,GTIN,,05606001,scanner sends the 8-digit code
7ZO5ZF3KPCMC2Z7NTR5MTQT5,SHAKKAR PARA,1LB,145987,GTIN,,01459876,scanner sends the 8-digit code
4IZG3N57PTIEIJSK35OMCEDG,SHALJAM,Regular,653700,GTIN,,06537003,scanner sends the 8-digit code
PZDSBF6M3QCQQ4VL3HKC4MRY,SHIMLA MIRCH ALOO,Regular,606700,GTIN,,06067009,scanner sends the 8-digit code
TSUQXBE5N5DUZIPEWDZVMYDW,SHIMLAMIRCH ALOO,Regular,412380,GTIN,,04123800,scanner sends the 8-digit code
CFV2HSSSFXQNBB2U3HKXZ6I7,SHREEKHAND,Regular,756540,GTIN,,07565403,scanner sends the 8-digit code
EAWN7QCBBBIKXNU4TPYPQX3O,SHRIKHAND,Regular,606600,GTIN,,06066000,scanner sends the 8-digit code
CSXDK2DOQFBWZ63Y4VBTC6TD,SHYAM SAVERA,Regular,454554,GTIN,,04545547,scanner sends the 8-digit code
I5TCKGC6STLPJ2AC2BAYNBDB,SHYAM SAVERA,Regular (2),981300,GTIN,,09813001,scanner sends the 8-digit code
PKB7HDB3DMZ2ALYUVKZ25IMF,SHYAM SAVERA,Regular (3),607300,GTIN,,06073000,scanner sends the 8-digit code
2E2P3IE6XKNI3VZDVKFFJUZE,SIKANDAR SHING,Regular,502100,GTIN,,05021008,scanner sends the 8-digit code
Y4YSOXMAG2UPF4YSTMKONLV5,SINDHI KADI,Regular,602800,GTIN,,06028000,scanner sends the 8-digit code
SQBMZWERA2BOJXQHR6PGRDSM,SLIVERED ALMONDS,14 oz,561100,GTIN,,05611003,scanner sends the 8-digit code
7MRKWV656HVSIN7VHWCGF4DY,SLIVERED ALMONDS,7 oz,876509,GTIN,,08765093,scanner sends the 8-digit code
HSK475UC2GMQSEE2RXK7S6BE,SMALL KIDNEY BEANS,4LB,201820,GTIN,,02018201,scanner sends the 8-digit code
VLEPXO5VLSLHOKMMQD5ST35U,SMALL KIDNEY BEANS,2lb,201830,GTIN,,02018308,scanner sends the 8-digit code
5G5HMNUEX62WWQTLYIGJA7U2,SNICKERS,2.07 OZ,401020,GTIN,,04010207,scanner sends the 8-digit code
VMA2AOGSOQQUMCV4ZZFWT6X4,SONA MASOORI RICE,4 LB,120000,GTIN,,01200003,scanner sends the 8-digit code
RPHROXUDV47V5JZYUCMQ3HBC,SONA MASOORI RICE,5 LB,100000,GTIN,,01000009,scanner sends the 8-digit code
XC2EK3JL7SQPGLS5XGO3WU2C,SONA MASORI RICE,5 LBS,564800,GTIN,,05648007,scanner sends the 8-digit code
7XMP5MVFULQH736INGB7TKPE,SOOJI HALWA,Regular,565700,GTIN,,05657005,scanner sends the 8-digit code
ZUD4PJANWBWALRE7JCQC4PLT,SOOJI LADOO,14oz,980200,GTIN,,09802005,scanner sends the 8-digit code
3CPEO74OI7KWWYLJTIHI35NP,SOOJI LADOO,.50lb,450000,GTIN,,04500001,scanner sends the 8-digit code
WT4WSUJHHDFJNESEEHIRPONZ,SOOJI LADOO,14 OZ,607200,GTIN,,06072001,scanner sends the 8-digit code
XMEHKEE6POZ3AUYYTSMDVS47,SOY PILAF,Regular,503400,GTIN,,05034002,scanner sends the 8-digit code
OYERIWXKBHK33YG3GFWR3NTX,SOYA BEANS,Regular,576700,GTIN,,05767009,scanner sends the 8-digit code
N6PCD7OURRNFHCUYPHLPGJWS,SOYA CHAAP,Regular,610200,GTIN,,06102009,scanner sends the 8-digit code
QLNIU4HUMMPHREVS6OCEHKXJ,SOYA LOTUS ROOT,Regular,759980,GTIN,,07599808,scanner sends the 8-digit code
DP2M4AAYIJCOUG5725GIC7LG,SOYA MATTER,Regular,608000,GTIN,,06080000,scanner sends the 8-digit code
FEHERPMXNMXK4MKEAITP6XI4,SOYA MUTTER,Regular,316500,GTIN,,03165001,scanner sends the 8-digit code
QLNJG2VSOLMVI4WB4JSMRBNT,SOYA VADI,14 OZ,187320,GTIN,,01873205,scanner sends the 8-digit code
42I5IX7RHQSKDCBFXIFGKHVA,SOYA WADI,Regular,665400,GTIN,,06654007,scanner sends the 8-digit code
J3UIEZJGAXK3JBIJEKD6PGX3,SOYA WADI,Regular (2),608400,GTIN,,06084006,scanner sends the 8-digit code
W32FL3CEED7IBZAALLVXVNNL,SPINACH CASHEW PILAF,Regular,987654,GTIN,,09876547,scanner sends the 8-digit code
2KTUREKNT4DARHUJDSNW66DF,SPINACH CASHEW PILAF,Regular (2),607900,GTIN,,06079004,scanner sends the 8-digit code
XODXC2PSX63WWSIW3WO2ESP3,SPLIT CASHEWS,3 LB,300700,GTIN,,03007000,scanner sends the 8-digit code
XEKM5LLPLTXPSN5NC7FUGZRV,SPLIT CASHEWS,2LB,325600,GTIN,,03256000,scanner sends the 8-digit code
OQMRQS4GJLWFECW2SRV6R64U,SPLIT CASHEWS,1LB,097900,GTIN,,00979003,scanner sends the 8-digit code
XPEOMP3WXZVLOUZMC4Z22S6O,SPRITE LEMON LIME SODA,12 OZ,491320,GTIN,,04913207,scanner sends the 8-digit code
2NIAMBYSR6RSDH5IS26UAYDE,SQUARE JAGGERY,400GM,303500,GTIN,,03035003,scanner sends the 8-digit code
UFC2NNIVUGTTFFJK2C4CRSTV,STAR ANIES,200 GM,561000,GTIN,,05610004,scanner sends the 8-digit code
FKVO5TREDLCOTO6MHINVD7UY,STAR ANIES,200GM,344560,GTIN,,03445600,scanner sends the 8-digit code
EWIBDWUFS7BXKMA5WK5OOX4Y,STAR ANIES,400gm,459120,GTIN,,04591207,scanner sends the 8-digit code
A56N4UOX5GB4WHYXOQ3MZV3R,STARANISE,400GM,563800,GTIN,,05638000,scanner sends the 8-digit code
4ENJCHXA54EDVBFK4YJ2KJAR,STARBUCKS COFFEE: FRAPPUCCINO,9.5 FL OZ,126490,GTIN,,01264904,scanner sends the 8-digit code
UU2SOLE3OKPWSSIWGG6ZNOQN,STARBUCKS FRAPPUCCINO COFFEE,9.5OZ,123550,GTIN,,01235504,scanner sends the 8-digit code
UGHLIXXFOUNE2H4H5D5TL2EG,SUGAR,4 LB,816700,GTIN,,08167004,scanner sends the 8-digit code
7IUAO2J23IWLMJD6DJ6GDP57,SUNKIST ORANGE SODA,12 OZ,782740,GTIN,,07827404,scanner sends the 8-digit code
WLVODYJNGJ6T7CUX5Q5VFMB5,SUPARI TUKDA,7OZ,317300,GTIN,,03173000,scanner sends the 8-digit code
SO4VNBARHX7WXRVTGYQY3V6N,SWEET CORN FLOUR,2 lb,672100,GTIN,,06721006,scanner sends the 8-digit code
LROKEPGCNPFJXDOW2744SFZR,SWEET LASSI LARGE,Regular,888990,GTIN,,08889908,scanner sends the 8-digit code
LFD5ASNMKHV6GNWK3EJ7SWZ5,SWEET LASSI MEDIUM,Regular,777990,GTIN,,07779905,scanner sends the 8-digit code
WCYHPQ3FEV5BLGWOMD6SQA3T,SWEET LASSI SMALL,Regular,666990,GTIN,,06669902,scanner sends the 8-digit code
HHOSTHCAD652UXPF6MBXBU3G,SWEET SEVIYA,Regular,326587,GTIN,,03265871,scanner sends the 8-digit code
HOIJVEYK7TSCZAVS2FZKBNQ3,SWEET SEWAYAN,Regular,963986,GTIN,,09639867,scanner sends the 8-digit code
D5GLKRVF6YCFIOWR2XLAEEVR,SWEET SUPARI,48 PACKS,608200,GTIN,,06082008,scanner sends the 8-digit code
P76FNO67ADVFDHD6BLDZUJN4,TADKA DAL,Regular,316300,GTIN,,03163003,scanner sends the 8-digit code
SW6SOMQUDC7GEWEUTQD3USZE,TADKA DAL FMLY PACK,Regular,987600,GTIN,,09876000,scanner sends the 8-digit code
6POZJNVBZNBL72B5S3OLGTEL,TAMARIND CHUTNEY,Regular,999920,GTIN,,09999202,scanner sends the 8-digit code
CT5O7T5UA5RS3GHWBRXZPGXB,TAMARIND CHUTNEY,Regular (2),869600,GTIN,,08696001,scanner sends the 8-digit code
3IHC2BRFZEUQ7KCIPEXYMII2,TAMARIND CONCENTRATE,16 OZ,225500,GTIN,,02255002,scanner sends the 8-digit code
KKV563N6BEPQRQZHEVVU2ILB,TAMARIND PASTE,14OZ,600300,GTIN,,06003001,scanner sends the 8-digit code
ZO7OCNLZQ53LE3PMTH6WT35A,TAMARIND RICE,Regular,333390,GTIN,,03333909,scanner sends the 8-digit code
6AWZ3KCVCODM4WGCVFGGRVP4,TAMARIND SAUCE,7OZ,600400,GTIN,,06004000,scanner sends the 8-digit code
UHJD3JSGZL77WRWABU2HKELT,TAWA RICE,Regular,609400,GTIN,,06094003,scanner sends the 8-digit code
DRUICON3ZFJCNW3N2OUVLO5U,THREE RIVERS ROCK SUGAR,350 GM,100456,GTIN,,01004564,scanner sends the 8-digit code
SIOZL4GYRSJMZSVTJPQQU4P4,TIL GUR,7OZ,310100,GTIN,,03101003,scanner sends the 8-digit code
EIHK73D2GAQ2AY26NPXO24DE,TIL KHOYA BURFI,8 OZ,610600,GTIN,,06106005,scanner sends the 8-digit code
SHA7UGV5G7GT6R5RLM3NNTK6,TILDA BASATI RICE,4LBS,310200,GTIN,,03102002,scanner sends the 8-digit code
4JVPBKMI2F3QHGEW7NNK5EJI,TOASTED CORN,3.5 OZ,601100,GTIN,,06011000,scanner sends the 8-digit code
PKZG3LCXDMYJAKGVT4TOLHAL,TOASTED CORN,14 0Z,400100,GTIN,,04001005,scanner sends the 8-digit code
Z7AEMMGPSQPPXVIEUJJADGZG,TOASTED CORN,7 OZ,302200,GTIN,,03022009,scanner sends the 8-digit code
N7JK7B4BYE4XDDIPIQ5NJJ2F,TOASTED CORN,gm,200310,GTIN,,02003102,scanner sends the 8-digit code
WSGAMEH5PH7Q5XJ6ZIZ4L3KE,TOASTED CORN,400 GM,208720,GTIN,,02087201,scanner sends the 8-digit code
TYUSKSITY33TL2NAORJDLSF4,TOASTED CORN,800 GM,208730,GTIN,,02087308,scanner sends the 8-digit code
2JQDVTZFCUBHPPAFZSO4SLGZ,TOMATO CHUTNEY,8 OZ,732090,GTIN,,07320901,scanner sends the 8-digit code
BSTDMY77WC2T7S5MU6C2IWD3,TOMATO CHUTNEY,Regular,734160,GTIN,,07341603,scanner sends the 8-digit code
BTVAEWOTZ2WZS6A4RMLCO6HR,TOMATO CHUTNEY,Regular (2),923650,GTIN,,09236505,scanner sends the 8-digit code
RZVNR7KHEVZSQQJ5IF5PB4FN,TOMATO CHUTNEY,16 OZ,605500,GTIN,,06055004,scanner sends the 8-digit code
ADISBBIE7AYMRNLISFZFNI4Q,TOMATO RICE,Regular,609000,GTIN,,06090007,scanner sends the 8-digit code
5HPRJ2VPNNH7WV2S5MTQERED,TOOR DAL,4LB,309600,GTIN,,03096004,scanner sends the 8-digit code
YE4PPKWAQR7EEY46XCV2AKCP,TOOR DAL,2lb,309500,GTIN,,03095005,scanner sends the 8-digit code
W6KCJVLKMNSU6T3L4ECAWQFY,TOOR DAL,8LB,406500,GTIN,,04065003,scanner sends the 8-digit code
O5SAPP45RNPMFKKVKRJFOV6U,TOOR DAL OILY,2LBS,309800,GTIN,,03098002,scanner sends the 8-digit code
V7KTROZYSJB3LDJALUPC4L7A,TOOR DAL OILY,8LBS,309900,GTIN,,03099001,scanner sends the 8-digit code
BGTLWAV3SEWPQVNEWHBTTNRL,TOOR DAL OILY,4LB (2),309700,GTIN,,03097003,scanner sends the 8-digit code
P6356BPPV2IR3BZ5PTY4BW3Y,TOORI SABJI,Regular,532100,GTIN,,05321009,scanner sends the 8-digit code
UVLLKNJROSOF77GRQFBZNCUT,TOOTY FRUITY,Regular,202110,GTIN,,02021108,scanner sends the 8-digit code
O7POGQAOIWNYBC56KYR5Z4DY,TOOTY FRUITY,3.5OZ,873600,GTIN,,08736006,scanner sends the 8-digit code
UX66OW3KBEPRB27LWPYXQ5VL,TUKMARIA,200g,458902,GTIN,,04589026,scanner sends the 8-digit code
OBS4LUEPUAEZOQPHJZRRKMLT,TUKMARIA,200 GM (2),256545,GTIN,,02565453,scanner sends the 8-digit code
G2OWGVFNLJKZNWBDY5UKB2X5,TURKISH APRICOTS,Regular,200090,GTIN,,02000901,scanner sends the 8-digit code
ZJHTZ5XIMLXKMMGFL3G75B3N,TURNIP AND CARROTS,Regular,412052,GTIN,,04120520,scanner sends the 8-digit code
5GWBNG2KKN5NJU5R6YTDJFMF,TURNIP SABJI,Regular,923170,GTIN,,09231704,scanner sends the 8-digit code
4R6FUKMVQ74AEM4TI6XBOAVA,UDAD DAL COOKED,Regular,578970,GTIN,,05789700,scanner sends the 8-digit code
VGV6B2EEUYXKUPYNIVO5KBEV,UPMA,Regular,313600,GTIN,,03136009,scanner sends the 8-digit code
2VDNDBHGPCWW4AH2ACVAUYTE,URAD DAL,4LB,306000,GTIN,,03060009,scanner sends the 8-digit code
NKTDMD5ARZGH5ZI3VKPXH7ZP,URAD DAL,8LB,305900,GTIN,,03059003,scanner sends the 8-digit code
EICWGRVBN57DIK3B36WB6ID4,URAD DAL,Regular,202370,GTIN,,02023708,scanner sends the 8-digit code
RILMZZWPQBMXUFY6TE6662Z5,URAD DAL CHILKA,4LBS,203110,GTIN,,02031105,scanner sends the 8-digit code
WATFOUJY4NPRXAGBADBNPX6A,URAD DAL CHILKA,2LBS,202560,GTIN,,02025609,scanner sends the 8-digit code
3PYTFWXT6N5UNDOTSZS3QRDY,URAD GOTA,4 LB,568200,GTIN,,05682001,scanner sends the 8-digit code
GI2AQ7H25WN7B7KOFNQZSW25,URAD WHITE SPLIT PEALED,2LB,315800,GTIN,,03158001,scanner sends the 8-digit code
3NG35SZB5WO5NM4ZRNYJ3MYW,URAD WHITE SPLIT PEALED,4LB,315900,GTIN,,03159000,scanner sends the 8-digit code
GPS7AWJPZSL4NBCPLKJVU4SS,URAD WHOLE,2LB (2),305600,GTIN,,03056006,scanner sends the 8-digit code
UCYHRYW47QVNQ6WPOAZMJNM3,URAD WHOLE,8LB,305800,GTIN,,03058004,scanner sends the 8-digit code
TM2TR4M53CM3UDMNBY5UYTG3,URAD WHOLE,4LB,305700,GTIN,,03057005,scanner sends the 8-digit code
PZNJDUBHK6PBZ3F6LDHUO6FG,URD CHILKA,2LB,306600,GTIN,,03066003,scanner sends the 8-digit code
OVPIL7JOLQS47QFS3FBWOXV5,URD CHILKA,4LB,306700,GTIN,,03067002,scanner sends the 8-digit code
MWHUFTISCIYONRYM3BXXFUIV,URD DAL,2LB,306100,GTIN,,03061008,scanner sends the 8-digit code
XKALZEIC7YQHNQMGDNPCZBAZ,USAL SPROUTED MOONG,Regular,559100,GTIN,,05591002,scanner sends the 8-digit code
QCI4CCCOVYMOKQAT4IPMM7FI,VATANA GREEN PEAS,Regular,896430,GTIN,,08964304,scanner sends the 8-digit code
PWP5ILE2HIDSDUIEDEUID3E6,VEG BIRYANI,Regular,311500,GTIN,,03115006,scanner sends the 8-digit code
5YNOXPE3DTNPAHX6SWZ45DYB,VEG FRIED RICE,Regular,525560,GTIN,,05255601,scanner sends the 8-digit code
L52FIYUCTF7WEKA4GCBOWQGR,VEG FRIED RICE,Regular (2),608300,GTIN,,06083007,scanner sends the 8-digit code
5S3XR2L4TIXJYNZBACIEYZPW,VEG JALFREZI,Regular,865540,GTIN,,08655402,scanner sends the 8-digit code
TJF22FPCKICXNLEDDZSCYTEB,VEG JALFREZI,Regular (2),606400,GTIN,,06064002,scanner sends the 8-digit code
DXDOX7LUCLH2ZHCUVXD3SEJ2,VEG KOFTA,Regular,610800,GTIN,,06108003,scanner sends the 8-digit code
37QHB77JPKDXU33TJVJCXIV3,VEG MANCHURIAN,Regular,654821,GTIN,,06548212,scanner sends the 8-digit code
TTFI34EW46N3IYKFMTIHOIDH,VEG MANCHURIAN,Regular (2),606800,GTIN,,06068008,scanner sends the 8-digit code
OO7KFGOHWYZW24BYTX5DQBDT,VEG PILAF,Regular,561400,GTIN,,05614000,scanner sends the 8-digit code
GQSPBF4JWT32JMSVLSV54BXW,VEGETABLE FRIED RICE,Regular,319400,GTIN,,03194003,scanner sends the 8-digit code
GLXWMD3DBABDLTKWDBCR4RPZ,VEGETABLE MANCHURIAN,Regular,401900,GTIN,,04019004,scanner sends the 8-digit code
2AMEGVOCETRQFEZECGNFEO3U,VEGETABLE SINDHI BIRYANI,Regular,564500,GTIN,,05645000,scanner sends the 8-digit code
NAUIKPQ43DAWNIK5TEHOB3WW,VEGETABLE SOUIP,Regular,402600,GTIN,,04026004,scanner sends the 8-digit code
AZJGFT7YGO27NPFMFHAL4QYV,VEGETABLE SOUP,Regular,784563,GTIN,,07845632,scanner sends the 8-digit code
JC3RPQUT5UOL6GOMSVDBUETL,VERMICELLI KHEER,Regular,325680,GTIN,,03256806,scanner sends the 8-digit code
LTHYLBZTHSM4Y4EX3VUXMGBL,VERMICELLI KHEER,Regular (2),610500,GTIN,,06105006,scanner sends the 8-digit code
ARLQIACZL56W7BN4UP5T65UO,VERMICELLI UPMA,Regular,956500,GTIN,,09565003,scanner sends the 8-digit code
TDOVNMNHQJECYIAAWNHJAZ3N,VERMICELLI UPMA,Regular (2),605700,GTIN,,06057002,scanner sends the 8-digit code
AH5ZPVLTSUVAS6AY2CDMUXEK,VOHRA FOODS GALAWAT,340 G,565900,GTIN,,05659003,scanner sends the 8-digit code
SVKVPMJATQPBPJ44IIDJDCYT,WALNUT,2LB,503300,GTIN,,05033003,scanner sends the 8-digit code
2EODNXDZD4OM5GQC6E35PNG4,WALNUT,14 oz,317900,GTIN,,03179004,scanner sends the 8-digit code
BFBZI2GEAZUGC4ESK7OEQXJR,WALNUT 28OZ,Regular,203243,GTIN,,02032431,scanner sends the 8-digit code
H3EOWSFKBHIYTAIYROSPTKVG,WALNUTS,1 LB,300500,GTIN,,03005002,scanner sends the 8-digit code
IQ6PRT6XWEDGHAVLAPSYLBXS,WALNUTS,1.5LB,609800,GTIN,,06098009,scanner sends the 8-digit code
JUV2JNQVR4OUOLOPH2ELYSVD,WASABI FRIED GREEN PEAS,14 OZ,558900,GTIN,,05589007,scanner sends the 8-digit code
HJZZOXDCGYJA6ZN2KUAYDXMP,WATER CHEST NUT POWDER,400 GMS,406200,GTIN,,04062006,scanner sends the 8-digit code
OLAD7ZTEBPKSE3PPJK4BKTVO,WHITE CHANA,Regular (3),201310,GTIN,,02013109,scanner sends the 8-digit code
5WLWPVFB4C5GUMCSO6SZRMI7,WHITE CHANA,Regular (4),200810,GTIN,,02008107,scanner sends the 8-digit code
IILF6VQ34EPW5VLGZJALYDOD,WHITE CHANA,Regular (5),200850,GTIN,,02008505,scanner sends the 8-digit code
4LOM3RB2PCTJEEA55C34RHP5,WHITE PEANUTS,3 lb,208240,GTIN,,02082400,scanner sends the 8-digit code
LV4EUAHX25Y56NYR6VFXXNEW,WHITE POPPY SEEDS,200GM,200040,GTIN,,02000406,scanner sends the 8-digit code
GHAA7A7NK5C7VLPIPA7LZHJ4,WHITE QUINOA,2LBS,555090,GTIN,,05550908,scanner sends the 8-digit code
WPXIC3QDJ3RJYZCL6NXLAWYP,WHITE QUINOA,1LB,000015,GTIN,,00000154,scanner sends the 8-digit code
CQAF3CBYO7W6CAZJCBHKFRDX,WHOLE SOYA BEANS,2LB,203920,GTIN,,02039204,scanner sends the 8-digit code
UC3YLKVZMAJBD564QQXXTDO5,WHOLE SOYA BEANS,4lb,203910,GTIN,,02039107,scanner sends the 8-digit code
OOCK6EXYLBSBKIC4P3HEZRQX,WHOLE WALNUT,2 LB,611100,GTIN,,06111007,scanner sends the 8-digit code
2EDILX6XZI44BE7JKZPSKIUC,WHOLE WHEAT ATTA,4lb,314100,GTIN,,03141001,scanner sends the 8-digit code
IXQ5GHBIIRYYUC4V2KKNCA4K,WHOLE WHEAT ATTA,8Lbs,402500,GTIN,,04025005,scanner sends the 8-digit code
QTFJBQCIKFAPPX4D22X37OJO,YELLOW DAL,Regular,311200,GTIN,,03112009,scanner sends the 8-digit code
GXLR5353QKXI6PMSEQPBRNQE,YELLOW PEAS,4LB,311700,GTIN,,03117004,scanner sends the 8-digit code
SNVQRT7UHZEZQSO2T2VEQUMS,YELLOW PEAS,2LB,311600,GTIN,,03116005,scanner sends the 8-digit code
HRLBUFVES6R3CWSKLS2QRFAD,YELLOW PUMPKIN,Regular (2),472580,GTIN,,04725800,scanner sends the 8-digit code
6CFR7UVSJ5MLAC6SACYEC4SH,YELLOW RICE,Regular,312100,GTIN,,03121007,scanner sends the 8-digit code
STRHF2TBDXXIUW4JHYNOGVA4,YOGI WHEAT LADOO FLOUR,2LB,302700,GTIN,,03027004,scanner sends the 8-digit code
YX4C6AE6OAKORAEHNQ6GQT5U,ZARDA,Regular,555500,GTIN,,05555000,scanner sends the 8-digit code
IVXGXTJLJ5LZ7WSC4U5BE4XR,ZUCCHINI SABJI,Regular,761200,GTIN,,07612000,scanner sends the 8-digit code
ZJBIFWYJCFQZLGKUNYGKF5MB,AAOJEE BLACK TEA,800G,312800,Price,5.99,8.99,Sellorama price
3VUL5GOBOWAM7M7O6UY3F43I,AMUL BUTTER,100 GM,656846520129,Price,1.29,1.99,Sellorama price
QRQTAY5H6FJJY3M5T7K3PEQO,CHAOKOH JACKFRUIT,Regular,044738045360,Price,2.99,3.49,Sellorama price
VFBVZ3VRKG6TIV7K4R7SVVUL,CUMIN SEED,28 OZ (800 GM),723246177137,Price,12.99,8.99,Sellorama price
G3DW2WRNWVS244575QJ5HY55,DEEP CORIANDER SEEDS,400 GM,011433071130,Price,3.49,3.99,Sellorama price
MDZP6TVWVYNXXJPRPFG5DBGM,DEEP TURMERIC POWDER,400 GM,011433071123,Price,3.49,3.99,Sellorama price
QRKFIM4HB66HSBRLRGZS63ZL,DEEP TURMERIC POWDER,7 OZ,011433073127,Price,1.99,2.49,Sellorama price
4UCQMCSXJVOOHMBJBZWBLXES,HEM NIGHT QUEEN INCENSE,Regular,8901810000629,Price,0.69,0.89,Sellorama price
TUU57NDUH47AFTCLJYFF3FMI,HEM THE MOON INCENSE STICKS,Regular,8901810001251,Price,2.99,3.49,Sellorama price
OMKAG43TDIFPJRCNSWEXMXDI,IDHAYAM SESAME OIL,68 FL OZ,890023001050,Price,16.99,18.99,Sellorama price
XLZUUXIUFPAVMT2G2Y7VJ5BL,KABULI CHANNA,4 LB,560300,Price,4.99,5.99,Sellorama price
OBSX55MOGYAI2AWXSH7IAVIM,LAXMI WHOLE BLACK PEPPER,100 G,723246176130,Price,2.29,2.99,Sellorama price
JZKXKU25U2LSO7CYNZNFVPMK,MANGO MOOSE,Regular (2),313800,Price,5.99,3.99,Sellorama price
NBDGB7LLS66ZSDKMK5B4TKOK,MDH DEGGI MIRCH,100 GM,6291103750143,Price,3.29,2.99,Sellorama price
2TGW64MXINOZD3SWP3WLYJ53,MDH SHAHI PANEER MASALA,100 G,6291103750334,Price,1.99,2.49,Sellorama price
VUO3K2UAGXO4KYUIHKNG34N3,MIRCH MASALA,Regular,011433112475,Price,2.29,2.99,Sellorama price
MXSMHZEI5MU66PXH3WRDIJWM,NUTRELA SOYA GRANULES,200 GM,8906032010999,Price,2.49,1.99,Sellorama price
CYJOPEGIILPFJTEQI67QTJI7,SAFI,500 ML,8901453040839,Price,8.99,9.99,Sellorama price
5LMQ2FI3WVGATDDN7RC3CJV3,SHAN CARROT PICKLE,11.29 OZ,788821003607,Price,2.49,2.99,Sellorama price
YX3QG24NW42OUFS2LMVMAIJJ,SHAN GINGER PICKLE,300 GM,788821003614,Price,1.99,2.99,Sellorama price
XD5N4DEN2A3W5PXFBO2K7T57,SHAN BUTTER CHICKEN MIX,50 GM,788821106056,Price,2.25,1.99,Sellorama price
7RZH5YW4SMQQG3K236WPUHRN,SHAN CHILLI PICKLE,1 KG,788821120120,Price,4.49,3.99,Sellorama price
L37CFDAAEBNJW3CAUMD7UC5Q,SHAN CURRY POWDER MIX,7.05OZ,788821073099,Price,1.99,3.99,Sellorama price
B6UYXE33AU5WYRQIN7OJL3CZ,SHAN MANGO PICKLE,330 GM,788821122056,Price,2.49,2.99,Sellorama price
RFL7AVYBPO3OS6K6KYCLFV6E,SWAD COCONUT CHUTNEY,7.5 OZ (212 GM),051179220751,Price,3.99,4.49,Sellorama price
XPV7DC2X2V6KLRPZEQUVUQOU,PATAKS TIKKA MASLA,10 OZ,069276032511,Price,4.49,4.99,Sellorama price
6MQDK7JIBEPDVD6XHKJHZUIL,AMUL BUTTERMILK,Regular,8901262200233,Price,4.99,2.99,Sellorama price
YT47E2SL543ZEHNGZSKMCGAJ,DEER WHITE CHANA,Regular (2),714760830684,Price,4.99,5.99,Sellorama price
KKJSJMOWSQJNZ4DJOO2ZMJ3C,VITA COCONUT WATER CASE,Regular,898999006901,Price,16.0,24.0,Sellorama price
6WTXHPHF6U75UJLGSXT5T7R2,LAXMI SHARBATI ATTA,4lb,723246246260,Price,4.99,5.99,Sellorama price
YWL4Y74X7IXE5ZL6OGXFSVTX,BRITANNIA GD PISTA ALMOND,231G,8901063151376,Price,0.99,1.99,Sellorama price
2JPP6GI6636UJDCWXOZU4RMM,NESCAFE CLASICO,300G,028000462987,Price,12.99,13.99,Sellorama price
YDGQRZ64Z4MYJJK2GMQFMLMJ,DEEP ALPHONSO MANGO PULP,30OZ,011433151672,Price,3.99,2.99,Sellorama price
VNHNAFLOXXIK5XW2AX64HTVU,MITCHELLS HOT AND SWEET SAUCE,300G,8961005060357,Price,1.99,2.99,Sellorama price
U7QJ53CKKUHDCXX76JTA2YFX,DAAWAT BASMATI RICE,10 LB,745042000266,Price,21.99,18.99,Sellorama price
76VSV7IRUUCU72FZIN5MAOB7,VEDIC AMLA JUICE,500ml,8525180067664,Price,8.99,9.99,Sellorama price
QZE2JJWB74BFKJDT7AENBSTB,YOGURT,5lb,760695029068,Price,4.99,6.99,Sellorama price
DAXZWAM45ZLXQO7F6MF3Q7GR,DABUR REAL GUAVA,1 L,8901207028540,Price,2.99,3.49,Sellorama price
HC2NV5HRX3DGMIVB7IRKSW3X,MTR BADAM DRINK,Regular,840965003469,Price,7.99,1.49,Sellorama price
A5P6LOJTPC22TN2ZLCKQV22S,DABUR MESWAK TOOTH PASTE,200 GM (2),8901207033377,Price,3.49,3.99,Sellorama price
5N3775ZILUSZHLLY46XW2OUL,LAXMI MYSORE MURMURA,400 gm,723246284903,Price,2.49,3.49,Sellorama price
IBVC6NZRW36N3TCHO6P3WYSP,KABULI CHANA,4 LB,011433151061,Price,6.49,5.99,Sellorama price
G3KULWARMHGETH65P3QU7RDE,THREE RIVERS PHITKARI,400 GM,4045278923473,Price,6.49,4.99,Sellorama price
KG6JXKYQC6T3B6XR4DHPZKVF,LAXMI TANDOORI NAAN,16 PIECES,723246290072,Price,7.99,5.99,Sellorama price
OYBEHF6F5IIG3TD5ZYXF75W7,LAXMI CUMIN SEEDS,4 LB,723246177434,Price,19.99,16.99,Sellorama price
EAWN7QCBBBIKXNU4TPYPQX3O,SHRIKHAND,Regular,606600,Price,7.99,3.99,Sellorama price
DP2M4AAYIJCOUG5725GIC7LG,SOYA MATTER,Regular,608000,Price,4.99,5.99,Sellorama price
SRG6MDTCZR3C4QAGTVRRD5ZR,THREE RIVERS ROASTED GRAMS NO SKIN,400 GM,793283755674,Price,4.99,4.49,Sellorama price
47UYRKM4ASC7VFX5YBUBGZJM,WESSON CANOLA OIL,40 FL OZ,069588690867,Price,4.99,5.49,Sellorama price
J2VH27CDWUXVDWFB6M7BMCTP,THREE RIVERS BLACK SEEDS,200 GM,793283751577,Price,2.49,2.99,Sellorama price
62ISB75BBOYBJ2MU2EPUQAZV,PARAS AJWAIN COOKIE,340 GM,611300,Price,3.49,3.99,Sellorama price
I7RQG4UFMYFBM6FV45MZZW5V,AMRITSARI PESI GUR,1 KG,850025550642,Price,5.99,4.49,Sellorama price
EQRIL3CUFAEBCRIVCVREIVPO,VEDIC SUGAR BALANCE,500,850049510271,Price,9.99,10.99,Sellorama price
BJGQ4RINHYU5IAYUT2Q5UJZH,COLGATE HERBAL TOOTH PASTE,200,8901314310033,Price,3.49,3.99,Sellorama price
(new),AASHIRVAAD ATTA,5 KG,8901725121136,new item,,8.99 / ATTA,"in Sellorama, not in Square"
(new),DHOKLA,12 oz,872334,new item,,5.99 / SNACKS,"in Sellorama, not in Square"
(new),MASALA KACHORI,5 PC,702685731506,new item,,10.99 / SNACKS,"in Sellorama, not in Square"
(new),AASHIRVAAD GLUTEN FREE ATTA,4 lb,841905080175,new item,,7.99 / ATTA,"in Sellorama, not in Square"
(new),LIMBU MARI SING BHUJIYA,Regular,8904214502676,new item,,3.79 / SNACKS,"in Sellorama, not in Square"
(new),CUP JI CHAI,Regular,8906180011183,new item,,7.49 / COFFEE/TEA,"in Sellorama, not in Square"
(new),JB MORINGA POWDER,Regular,728238557836,new item,,2.49 / MEDICINE,"in Sellorama, not in Square"
(new),JB AMLA POWDER,Regular,728238557751,new item,,2.49 / Grocery,"in Sellorama, not in Square"
(new),CUP JI MASALA CHAI,Regular,8906180011176,new item,,7.49 / COFFEE/TEA,"in Sellorama, not in Square"
(new),DEEP NUTMEG WHOLE,100 gm,011433114509,new item,,4.99 / SPICES,"in Sellorama, not in Square"
(new),LAXMI RAJMA MASALA,284 gm,723246291338,new item,,3.99 / FROZENFOOD,"in Sellorama, not in Square"
(new),LAXMI PANEER BUTTER MASALA,284 gm,723246291208,new item,,4.99 / FROZENFOOD,"in Sellorama, not in Square"
(new),LAXMI PUNJABI CHOLEY,284 gm,723246291277,new item,,3.99 / FROZENFOOD,"in Sellorama, not in Square"
(new),LAXMI PALAK PANEER,284 gm,723246291192,new item,,4.99 / FROZENFOOD,"in Sellorama, not in Square"
(new),LAXMI SARSON KA SAAG,284 gm,723246291345,new item,,3.99 / FROZENFOOD,"in Sellorama, not in Square"
(new),LAXMI PANEER PARATHA,16 pieces,723246292908,new item,,14.99 / FROZENFOOD,"in Sellorama, not in Square"
(new),LAXMI ALOO PARATHA,16 pieces,723246292892,new item,,9.99 / FROZENFOOD,"in Sellorama, not in Square"
(new),WESSON VEGETABLE OIL,40 fl oz,069588612869,new item,,5.49 / OILS/GHEE,"in Sellorama, not in Square"
(new),NANAK PANEER,1 kg,851402008251,new item,,14.49 / DIARY,"in Sellorama, not in Square"
(new),PARAS AJWAIN COOKIES,400 GM,818051018956,new item,,3.99 / COOKIES,"in Sellorama, not in Square"
(new),PARAS MANGO PULP KESAR,1 LB,8180510126888,new item,,2.99 / Grocery,"in Sellorama, not in Square"
(new),ALMOND,3 lb,318400,new item,,15.99 / DRYFRUITS,"in Sellorama, not in Square"
(new),LAYS MAGIC MASALA,20 GM,8901491100274,new item,,0.99 / SNACKS,"in Sellorama, not in Square"
(new),DEEP BLACK SESAME SEEDS,7 OZ,011433114691,new item,,2.49 / SPICES,"in Sellorama, not in Square"
(new),SWEET FENNEL CANDY,350 GM,100003,new item,,3.49 / CANDY,"in Sellorama, not in Square"
(new),LAXMI BAY LEAVES,200 GM,723246294117,new item,,3.49 / SPICES,"in Sellorama, not in Square"
(new),KNOOR CHICKEN NOODLES,300 GM,850061468000,new item,,3.49 / SNACKS,"in Sellorama, not in Square"
(new),ASHOKA URAD WHOLE,4 LB,8901552033381,new item,,6.99 / DALS/BEANS,"in Sellorama, not in Square"
(new),AEROPLANE TAMARIND PASTE,400 GM,8901552034937,new item,,3.49 / SPICES,"in Sellorama, not in Square"
(new),THREE RIVERS MULATHY POWDER,200 GM,4235067902318,new item,,2.99 / Grocery,"in Sellorama, not in Square"
(new),BANSI WHOLE YELLOW PEAS,2 LB,011433151290,new item,,3.49 / DALS/BEANS,"in Sellorama, not in Square"
(new),RAJU NAVRATAN MIX,400 GM,8904214502072,new item,,3.79 / SNACKS,"in Sellorama, not in Square"
(new),LAXMI PARATHA,20 PC,723246292601,new item,,7.99 / FROZENFOOD,"in Sellorama, not in Square"
(new),PARTY PIK,Regular,8964000684238,new item,,0.99 / COOKIES,"in Sellorama, not in Square"
(new),CHIA SEEDS,1.5 LB,100004,new item,,7.99 / Grocery,"in Sellorama, not in Square"
(new),BRITANNIA GOOD DAY COCONUT COOKIES,75 GM,6291007917772,new item,,0.89 / COOKIES,"in Sellorama, not in Square"
(new),PATANJALI ALOEVERA GEL,150 ML,8904109480119,new item,,4.99 / Cosmetics,"in Sellorama, not in Square"
(new),DEEP HORSE GRAM,2 LB,011433164238,new item,,3.49 / DALS/BEANS,"in Sellorama, not in Square"
(new),SOOPER COOKIE,30 GM,8964003593339,new item,,0.99 / COOKIES,"in Sellorama, not in Square"
(new),MAGGI NOODLES,4 PACK,8901058017670,new item,,2.99 / Grocery,"in Sellorama, not in Square"
(new),CHILLI MILLI,Regular,870572004818,new item,,0.25 / Grocery,"in Sellorama, not in Square"
(new),STAR ANISE,3.5OZ,100005,new item,,4.49 / SPICES,"in Sellorama, not in Square"
(new),MANGO MOOSE,Regular,100006,new item,,5.99 / AOOJEE COOKED FOOD,"in Sellorama, not in Square"
(new),RESHMA ROSE WATER,6.76 OZ,856137007654,new item,,2.99 / Cosmetics,"in Sellorama, not in Square"
(new),5AAB PESI GUR,2 LB,8905157026939,new item,,4.49 / Grocery,"in Sellorama, not in Square"
(new),VINOD BLACK PEARL TAWA,30 CM,827016307080,new item,,25.99 / KITCHEN ITEMS,"in Sellorama, not in Square"
(new),VIJAY HA TAWA,250 MM,8901150096269,new item,,12.99 / KITCHEN ITEMS,"in Sellorama, not in Square"
(new),VIJAY HA TAWA,280 MM,8901150096290,new item,,13.99 / KITCHEN ITEMS,"in Sellorama, not in Square"
(new),GANGAJAL,500 ML,8939116652808,new item,,3.99 / Grocery,"in Sellorama, not in Square"
(new),WOODEN MATCHES,250 MATCHES,769981421258,new item,,1.99 / Grocery,"in Sellorama, not in Square"
(new),NESTLE MUNCH,Regular,8901058022179,new item,,0.99 / Grocery,"in Sellorama, not in Square"
(new),POMPEIAN EXTRA VIRGIN OLIVE OIL,68 OZ,070404009367,new item,,19.99 / OILS/GHEE,"in Sellorama, not in Square"
(new),VEDAONE NEEM POWDER,100 GM,8904304510451,new item,,4.99 / Grocery,"in Sellorama, not in Square"
(new),KURKURE SHEZWAN,Regular,8901491002912,new item,,0.99 / SNACKS,"in Sellorama, not in Square"
(new),GARLIC PEELED,5 LB,680444103453,new item,,24.99 / Grocery,"in Sellorama, not in Square"
(new),RAJU MARWADI SEV,400 GM,8904214503611,new item,,3.99 / SNACKS,"in Sellorama, not in Square"
(new),THUMS UP,250 ML,8901764042911,new item,,1.49 / DRINKS/JUICE,"in Sellorama, not in Square"
(new),RAJU TIKHA MITHA,400 GM,8904214508005,new item,,3.99 / SNACKS,"in Sellorama, not in Square"
(new),LAXMI KOLHAPURI JAGGREY,1 LB,723246294629,new item,,1.99 / Grocery,"in Sellorama, not in Square"
(new),LAXMI KOLHAPURI JAGGREY,2 LB,723246294636,new item,,2.99 / Grocery,"in Sellorama, not in Square"
(new),KANAIYA SATTU FLOUR,800 gm,816731280679,new item,,6.99 / FLOURS,"in Sellorama, not in Square"
(new),CHOCO MOO,24 PACKS,8961103067159,new item,,7.99 / COOKIES,"in Sellorama, not in Square"
(new),CHOCO MOO,22 GM,8961103067142,new item,,0.33 / COOKIES,"in Sellorama, not in Square"
(new),THREE RIVERS GREEN CARDAMOM,200 GM,793283750709,new item,,13.99 / SPICES,"in Sellorama, not in Square"
(new),THREE RIVERS HIMALAYAN PINK SALT,5 LB,793283865687,new item,,7.99 / Grocery,"in Sellorama, not in Square"
(new),DEEP PESTO SPICY SAUCE,10 OZ,011433163613,new item,,4.99 / FROZENFOOD,"in Sellorama, not in Square"
(new),TOOBA PLUM CHUTNEY,320 GM,8961100054848,new item,,2.99 / Grocery,"in Sellorama, not in Square"
(new),PEARS,Regular,5017306008321,new item,,1.99 / Cosmetics,"in Sellorama, not in Square"
(new),MAGGI CHILLY CHOW CUPPA NOODLES,70 GM,8901058006032,new item,,1.49 / Grocery,"in Sellorama, not in Square"
(new),CHITALE MAWA MODAK,210 GM,846203004649,new item,,5.99 / SWEETS,"in Sellorama, not in Square"
(new),DHEEPAM LAMP OIL,Regular,8906010260125,new item,,5.99 / OILS/GHEE,"in Sellorama, not in Square"
(new),5AAB WHITE CANESUGAR,2LB,8905157010280,new item,,3.99 / BAKING GOODS,"in Sellorama, not in Square"
(new),JAIN CASHEW,11 OZ,100007,new item,,9.99 / DRYFRUITS,"in Sellorama, not in Square"
(new),IDHAYAM SESAME OIL,5 LT,890023001067,new item,,39.99 / OILS/GHEE,"in Sellorama, not in Square"
(new),LOBIA RASMISA,Regular,100009,new item,,4.99 / AOOJEE COOKED FOOD,"in Sellorama, not in Square"
(new),ASHOKA GARLIC NAAN,12 PIECES,8901552023481,new item,,6.99 / FROZENFOOD,"in Sellorama, not in Square"
(new),BINGO MAD ANGLES MMMM MASALA,60 GM,8901725013790,new item,,0.99 / SNACKS,"in Sellorama, not in Square"
(new),BINGO MADANGLESACHAARI MASTI,60 GM,8901725013684,new item,,1.49 / SNACKS,"in Sellorama, not in Square"
(new),LAYS WEST INDIES HOT N SWEET CHILLI,Regular,8901491100267,new item,,0.99 / SNACKS,"in Sellorama, not in Square"
(new),NILON S TOOTY FRUITY,150 GM,8901560083552,new item,,1.79 / Grocery,"in Sellorama, not in Square"
(new),LAYS SIZZLIN HOT,Regular,8901491001809,new item,,0.99 / SNACKS,"in Sellorama, not in Square"
(new),SHAHI KULFI,12 KULFI BARS,850016648327,new item,,14.99 / FROZENFOOD,"in Sellorama, not in Square"
(new),BINGO MAD ANGLES TOMATO MADNESS,60 GM,8901725013769,new item,,1.49 / SNACKS,"in Sellorama, not in Square"
(new),BINGO MAD ANGLES CHAAT MASTI,60 GM,8901725013820,new item,,1.49 / SNACKS,"in Sellorama, not in Square"
(new),LAXMI WET TAMARIND,800 GM,723246293622,new item,,5.99 / Grocery,"in Sellorama, not in Square"
(new),REGAL TOASTEDRUSK,Regular,5027738021690,new item,,3.99 / COOKIES/RUSK,"in Sellorama, not in Square"
(new),PARAS TURMERIC POWDER,400 GM,818051010820,new item,,3.99 / SPICES,"in Sellorama, not in Square"
(new),KNORR CHATT PATTANOODLES,6 PACK,850068951826,new item,,3.49 / Grocery,"in Sellorama, not in Square"
(new),BLACK SEED WITH HONEY,Regular,894545000669,new item,,1.49 / CANDY,"in Sellorama, not in Square"
(new),THREE RIVERS GOND KATIRA,100 gm,4235067902257,new item,,2.99 / Grocery,"in Sellorama, not in Square"
(new),THREE RIVERS FLAX SEED,400 gm,793283750471,new item,,3.49 / Grocery,"in Sellorama, not in Square"
(new),PARAS GARLIC CRUSH,8 oz,818051012213,new item,,3.99 / SPICES,"in Sellorama, not in Square"
(new),PARAS KALA CHANA,4 LB,818051012909,new item,,5.99 / DALS/BEANS,"in Sellorama, not in Square"
(new),INDIAS NATURE,16OZ,749088803218,new item,,8.99 / OILS/GHEE,"in Sellorama, not in Square"
(new),INDIAS NATURE,Regular,749088803225,new item,,14.99 / OILS/GHEE,"in Sellorama, not in Square"
(new),NESTLE MILK PAK CREAM,1 LITRE,8961008236780,new item,,8.99 / DIARY,"in Sellorama, not in Square"
(new),TINDORA,Regular,100065,new item,,5.99 / AOOJEE COOKED FOOD,"in Sellorama, not in Square"
(new),LAXMI RASMALAI,Regular,723246292564,new item,,9.99 / SWEETS,"in Sellorama, not in Square"
