id,name,size,old,new
124,AAOJEE BLACK TEA,800 GM,,Dry Goods
125,AAOJEE GULAB JAMUN,,,Sweets
222,AAOJEE GULAB JAMUN (SM),,,Sweets
147,AAOJEE KHEER,,,Sweets
187,AAOJEE RASMALAI,2 PCS,,Sweets
153,AGRO CORN STARCH,454 GM,,Dry Goods
261,AJWAIN SEED,7 OZ (200 GM),,Spices
290,AJWAIN SEED,14 OZ (400 GM),,Spices
1,ALMOND,2 LB,,Dry Goods
2,ALMOND,1 LB,,Dry Goods
174,ALMOND,4 LB,,Dry Goods
394,ALMOND BURFI,8 OZ,,Sweets
370,ALMOND PISTA PEDA,7 OZ,,Sweets
8,ALMOND SLICE,14 OZ (400 GM),,Dry Goods
207,ALPHONSO MANGO PULP,30 OZ,,Dry Goods
127,ALSI,3 LB,,Dry Goods
186,ALSI,2 LB,,Dry Goods
434,ALSI PINNI,,,Sweets
422,ALU BUKHARA,7 OZ,,Dry Goods
196,AMUL DESI GHEE,905 GM,,Dry Goods
31,ANAR DANA POWDER,100 GM,,Spices
97,ANGOOR TOOR DAL OILY,8 LB,,Dry Goods
197,ASSAM TEA,900 GM,,Dry Goods
198,ASSAM TEA,2 LB,,Dry Goods
199,ASSAM TEA,450 GM,,Dry Goods
435,ASSORTED NUTS,1.5 LB,,Dry Goods
175,BASMATI RICE,2 LB,,Dry Goods
176,BASMATI RICE,4 LB,,Dry Goods
241,BASMATI RICE,4 LB,,Dry Goods
240,BASMATI RICE(PARBOILED),2 LB,,Dry Goods
32,BAY LEAF,50 GM,,Spices
146,BAY LEAF,25 GM,,Spices
291,BENGALI PUFFED RICE,14.1 OZ (400 GM),,Dry Goods
255,BESAN BURFI,14 OZ,,Sweets
385,BESAN BURFI,8 OZ,,Sweets
211,BESAN PINNI,14 OZ,,Sweets
74,BLACK EYE PEAS,8 LB,,Dry Goods
75,BLACK EYE PEAS,4 LB,,Dry Goods
76,BLACK EYE PEAS,2 LB,,Dry Goods
329,BLACK PEPPER PWDR,7 OZ,,Spices
331,BLACK PEPPER PWDR,3.5 OZ,,Spices
339,BLACK PEPPER PWDR,14 OZ,,Spices
340,BLACK PEPPER PWDR,28 OZ,,Spices
275,BLACK PEPPER WHOLE,7 OZ (200 GM),,Spices
276,BLACK PEPPER WHOLE,14 OZ (400 GM),,Spices
356,BLACK RAISINS,400 GM,,Dry Goods
337,BLACK SALT,3.5 OZ,,Spices
367,BOONDI KI BURFI,8 OZ,,Sweets
20,BROKEN CASHEW,2 LB,,Dry Goods
256,BROKEN CASHEW,4 LB,,Dry Goods
234,BROKEN CASHEWS,1 LB,,Dry Goods
136,BROWN BASMATI RICE,2 LB,,Dry Goods
224,BROWN BASMATI RICE,4 LB,,Dry Goods
185,CARDAMOM SEEDS,3.5 OZ,,Spices
14,CASHEWS,4 LB,,Dry Goods
15,CASHEWS,1 LB,,Dry Goods
16,CASHEWS,2 LB,,Dry Goods
389,CHAM CHAM,7 OZ,,Sweets
390,CHANDARKALA,7 OZ,,Sweets
43,CHANNA DAL,2 LB,,Dry Goods
44,CHANNA DAL,4 LB,,Dry Goods
45,CHANNA DAL,8 LB,,Dry Goods
406,CHIA SEED,1 LB,,Dry Goods
42,CHIA SEEDS,2 LB,,Dry Goods
79,CHICKPEAS,4 LB,,Dry Goods
80,CHICKPEAS,8 LB,,Dry Goods
81,CHICKPEAS,2 LB,,Dry Goods
407,CHOCOLATE BURFI,7 OZ,,Sweets
159,CINAMMON STICKS,14 OZ,,Spices
160,CINAMMON STICKS,1 LB,,Spices
161,CINAMMON STICKS,7 OZ,,Spices
352,CINAMON STICK,3.5 OZ,,Spices
26,CLOVES,3.5 OZ (100 GM),,Spices
27,CLOVES,7 OZ (200 GM),,Spices
28,CLOVES,14 OZ (400 GM),,Spices
100,CLOVES,2 LB,,Spices
425,COCONUT BURFI,8 OZ,,Sweets
218,COCONUT FLAKES,1 LB,,Dry Goods
227,COCONUT POWDER,1 LB,,Dry Goods
236,COCONUT POWDER,14 OZ,,Dry Goods
226,COCONUT SLICES,200 GM,,Dry Goods
349,CORIANDER SEED,7 OZ,,Spices
348,CORRIANDER SEED,14 OZ,,Spices
362,COUSCOUS,1 LB,,Dry Goods
259,CRANBERRI,14 OZ,,Dry Goods
33,CROWN CHILLI POWDER,7 OZ,,Spices
314,CROWN CORIANDER SEEDS,200 GM,,Spices
316,CROWN GREEN CARDAMOM,200 GM,,Spices
326,CROWN MOONG WHOLE,4 LB,,Dry Goods
321,CROWN TURMERIC POWDER,200 GM,,Spices
38,CRUSH CHILLI,400 GM,,Spices
36,CUMIN SEED,28 OZ (800 GM),,Spices
263,CUMIN SEEDS,200 GM,,Spices
266,CUMIN SEEDS,14 OZ (400 GM),,Spices
327,CUMIN SEEDS,3 LB,,Spices
383,CUMIN SEEDS,28 OZ,,Spices
39,CURRY POWDER,400 GM,,Spices
65,DARK KIDNEY BEANS,4 LB,,Dry Goods
66,DARK KIDNEY BEANS,2 LB,,Dry Goods
67,DARK KIDNEY BEANS,8 LB,,Dry Goods
274,DEER BLACK CARDIMOM,3.5 OZ (100 GM),,Spices
287,DEER BROWN MUSTARD- BIG,14 OZ,,Spices
288,DEER BROWN MUSTARD- BIG,14 OZ,,Spices
279,DEER GOOND KATIRA,3.5 OZ (100 GM),,Spices
312,DODI HALWA,,,Sweets
306,FALOODA SEV,50 GM,,Sweets
182,FENNEL CANDY,14 OZ,,Sweets
235,FENNEL CANDY,0.5 LB,,Sweets
24,FENNEL SEEDS,400 GM,,Spices
204,FENNEL SEEDS,200 GM,,Spices
23,FENUGREEK SEEDS,400 GM,,Spices
29,FLAT CINAMMON STICK,100 GM,,Spices
215,FLEX SEEDS,7 OZ,,Dry Goods
178,FRUIT CUSTARD,,,Sweets
303,FRYUMS,14 OZ,,Dry Goods
119,GAJJAR HALWA,,,Sweets
374,GAJJAR KI KHEER,,,Sweets
308,GAZAB AAM PAPAD BURFI,150 GM,,Sweets
18,GINGER SLICE (CANDY),14 OZ,,Sweets
3,GOLDEN RAISINS,1 LB,,Dry Goods
4,GOLDEN RAISINS,2 LB,,Dry Goods
13,GREEN CARDAMOM,1 LB,,Spices
284,GREEN CARDAMOM,7 OZ (200 GM),,Spices
353,GREEN CARDAMOM,14 OZ (400 GM),,Spices
107,GREEN CHANNA,2 LB,,Dry Goods
238,GREEN PISTA,1 LB,,Dry Goods
239,GREEN PISTA,7 OZ,,Dry Goods
6,GREEN RAISINS,1 LB,,Dry Goods
17,GREEN RAISINS,2 LB,,Dry Goods
162,GULAB JAMUN,,,Sweets
361,GULAB JAMUN,14 OZ,,Sweets
366,GULAB JAMUN,7 OZ,,Sweets
364,GULAB JAMUN 5PC,,,Sweets
307,GUR GAJAK,,,Sweets
221,GUR PARE,14 OZ,,Sweets
346,GUR REWARI,14.1 OZ,,Sweets
183,IDLI RICE,4 LB,,Dry Goods
184,IDLI RICE,8 LB,,Dry Goods
169,JUMBO ALMOND,2 LB,,Dry Goods
171,JUMBO ALMOND,4 LB,,Dry Goods
165,JUMBO CASHEW,1 LB,,Dry Goods
166,JUMBO CASHEW,2 LB,,Dry Goods
172,JUMBO CASHEW,3 LB,,Dry Goods
170,JUMBO DATES,1.5 LB,,Dry Goods
270,KABULI CHANNA,4 LB,,Dry Goods
271,KABULI CHANNA,8 LB,,Dry Goods
250,KAJU KATLI,14 OZ,,Sweets
298,KAJU PISTA BURFI,7 OZ,,Sweets
82,KALA CHANNA,2 LB,,Dry Goods
83,KALA CHANNA,4 LB,,Dry Goods
84,KALA CHANNA,8 LB,,Dry Goods
37,KALA JEERA,100 GM,,Spices
333,KALA JEERA,7 OZ,,Spices
297,KALA KUND,14 OZ,,Sweets
295,KALONJI,7 OZ (200 GM),,Spices
296,KALONJI,14 OZ (400 GM),,Spices
71,KASHMIRI RAJMA,2 LB,,Dry Goods
72,KASHMIRI RAJMA,4 LB,,Dry Goods
73,KASHMIRI RAJMA,8 LB,,Dry Goods
363,KESAR PISTA BURFI,8 OZ,,Sweets
299,KHAAS DRY DATES,1 LB,,Dry Goods
179,KHEER (RICE PUDDING),,,Sweets
369,KHOYA BURFI,7 OZ,,Sweets
254,KTC MUSTARD OIL,750 ML,,Dry Goods
281,LADOO,,,Sweets
220,LAXMI KERALA PAPPADAM,7 OZ,,Dry Goods
189,LAZIZA FIRNI,150 GM,,Sweets
191,LAZIZA JELLY FALOODA,235 GM,,Sweets
192,LAZIZA KULFI MALAI MIX,152 GM,,Sweets
190,LAZIZA RABRI FALOODA,235 GM,,Sweets
338,LG HING,1.75 OZ,,Spices
68,LIGHT KIDNEY BEANS,8 LB,,Dry Goods
69,LIGHT KIDNEY BEANS,4 LB,,Dry Goods
70,LIGHT KIDNEY BEANS,2 LB,,Dry Goods
315,MANGO CANDY,,,Sweets
317,MANGO CANDY,,,Sweets
134,MANGO MOUSSE,,,Sweets
135,MANGO MOUSSE,,,Sweets
89,MASOOR DAL,4 LB,,Dry Goods
90,MASOOR DAL,8 LB,,Dry Goods
91,MASOOR DAL,2 LB,,Dry Goods
87,MASOOR GOTA,2 LB,,Dry Goods
88,MASOOR GOTA,4 LB,,Dry Goods
262,MASOOR WHOLE,8 LB,,Dry Goods
21,MAYA COCONUT FLAKES,1 LB,,Dry Goods
41,MAYA FATKADI,100 GM,,Spices
52,MAYA PEANUT BLANCHED,1 LB,,Dry Goods
25,MAYA PHOOL MAKHANA,100 GM,,Dry Goods
318,MAYA SOYA WADI,1 LB,,Dry Goods
289,MEDJOOL DATES,1 LB,,Dry Goods
347,METHI POWDER,7 OZ,,Spices
293,METHI SEED (FENUGREEK),7 OZ (200 GM),,Spices
294,METHI SEEDS (FENUGREEK),14 OZ (400 GM),,Spices
154,MIX DRY FRUIT,1 LB,,Dry Goods
381,MIX DRY FRUIT,2 LB,,Dry Goods
391,MIX DRY FRUIT BURFI,7 OZ,,Sweets
61,MOONG CHILKA,4 LB,,Dry Goods
62,MOONG CHILKA,2 LB,,Dry Goods
232,MOONG CHILKA,8 LB,,Dry Goods
46,MOONG DAL,8 LB,,Dry Goods
47,MOONG DAL,4 LB,,Dry Goods
48,MOONG DAL,2 LB,,Dry Goods
344,MOONG DAL HALWA,,,Sweets
358,MOONG DAL LADOO,14 OZ,,Sweets
50,MOONG WHOLE,4 LB,,Dry Goods
51,MOONG WHOLE,8 LB,,Dry Goods
85,MOTH WHOLE,4 LB,,Dry Goods
86,MOTH WHOLE,2 LB,,Dry Goods
209,MUSTARD OIL,500 ML,,Dry Goods
40,NUTMEG,100 GM,,Spices
411,PANEER KI KHEER,,,Sweets
35,PAPRIKA,200 GM,,Spices
267,PEANUT,1 LB,,Dry Goods
268,PEANUT,2 LB,,Dry Goods
269,PEANUT,4 LB,,Dry Goods
328,PEANUT,1.5 LB,,Dry Goods
229,PEANUTS BLANCHED,2 LB,,Dry Goods
225,PHOOL MAKHANA,0.36 LB,,Dry Goods
302,PHOOL MAKHANA,2 OZ,,Dry Goods
34,PICKLE MASALA,200 GM,,Spices
251,PISTACHIO,4 LB,,Dry Goods
278,POPPY SEEDS,3.5 OZ (100 GM),,Spices
324,POPPY SEEDS,7 OZ (200 GM),,Spices
415,PUJA NUT WHOLE,4 OZ,,Dry Goods
341,PUNJABI WADI,1 LB,,Dry Goods
419,PUNJIRI LADOO,14 OZ,,Sweets
395,RAJBHOG JALEBI,5 OZ,,Sweets
401,RASGULLA,14 OZ,,Sweets
230,RASGULLA GULAB JAMUN,14 OZ,,Sweets
371,RASMALAI,,,Sweets
379,RASMALAI,,,Sweets
101,RAW PEANUTS,1 LB,,Dry Goods
102,RAW PEANUTS,2 LB,,Dry Goods
323,RAW PEANUTS,3 LB,,Dry Goods
78,RED CHORI,4 LB,,Dry Goods
148,RED SPLIT LENTILS,4 LB,,Dry Goods
149,RED SPLIT LENTILS,2 LB,,Dry Goods
205,RICE FLOUR,4 LB,,Dry Goods
354,ROASTED CHANA,14 OZ,,Dry Goods
355,ROASTED CHANA,28 OZ,,Dry Goods
305,ROASTED CHANA DAL(DALIA,14 OZ,,Dry Goods
310,ROASTED CHANA DAL(DALIA,28 OZ,,Dry Goods
244,ROASTED CORN,7 OZ (200 GM),,Dry Goods
245,ROASTED CORN,14 OZ,,Dry Goods
219,ROASTED KALA CHANA,1 LB,,Dry Goods
249,ROASTED PEANUT,14 OZ,,Dry Goods
77,ROASTED PISTACHO,1 LB,,Dry Goods
168,ROASTED PISTACHO,2 LB,,Dry Goods
282,ROASTED SALTED CASHEW,14 OZ,,Dry Goods
283,ROASTED SALTED CASHEW,28 OZ,,Dry Goods
233,ROASTED SALTED CASHEWS,1 LB,,Dry Goods
12,ROASTED SALTED PISTACHO,1 LB,,Dry Goods
300,ROASTED SALTED PISTACHO,2 LB,,Dry Goods
213,ROSE BRAND BLACK PEPPER,7 OZ,,Spices
216,ROSE BRAND BLACK SALT,7 OZ,,Spices
212,ROSE BRAND CLOVE,3.5 OZ,,Spices
214,ROSE BRAND JAVETRI,3.5 OZ,,Spices
188,ROSE BRAND TUKMARIA,7 OZ,,Dry Goods
264,SAGO SEEDS,2 LB,,Dry Goods
265,SAGO SEEDS,4 LB,,Dry Goods
273,SHAKKAR PARA,14 OZ,,Sweets
386,SHRIKHAND,,,Sweets
393,SHYAM SAVERA,,,Sweets
285,SLIVERED ALMONDS,14 OZ,,Dry Goods
351,SONA MASOORI RICE,4 LB,,Dry Goods
313,SONA MASORI RICE,5 LB,,Dry Goods
319,SOOJI HALWA,,,Sweets
392,SOOJI LADOO,14 OZ,,Sweets
7,SPICEY CASHEW,1 LB,,Dry Goods
30,SQUARE JAGGERY,400 GM,,Dry Goods
277,STAR ANIES,200 GM,,Spices
304,STAR ANISE,400 GM,,Spices
438,STRAWBERRY MOUSSE,,,Sweets
335,TAMRIND PASTE,14 OZ,,Dry Goods
336,TAMRIND PASTE,7 OZ,,Dry Goods
424,TIL KHOYA BURFI,8 OZ,,Sweets
98,TILDA BASMATI RICE,2 LB,,Dry Goods
99,TILDA BASMATI RICE,4 LB,,Dry Goods
19,TOASTED CORN,7 OZ,,Dry Goods
141,TOASTED CORN,14 OZ,,Dry Goods
342,TOASTED CORN,3.5 OZ,,Dry Goods
92,TOOR DAL,2 LB,,Dry Goods
93,TOOR DAL,4 LB,,Dry Goods
223,TOOR DAL,8 LB,,Dry Goods
94,TOOR DAL OILY,4 LB,,Dry Goods
95,TOOR DAL OILY,2 LB,,Dry Goods
96,TOOR DAL OILY,8 LB,,Dry Goods
56,URAD DAL,8 LB,,Dry Goods
57,URAD DAL,4 LB,,Dry Goods
58,URAD DAL,2 LB,,Dry Goods
330,URAD GOTA,4 LB,,Dry Goods
150,URAD WHITE SPLIT PEALED,2 LB,,Dry Goods
151,URAD WHITE SPLIT PEALED,4 LB,,Dry Goods
53,URAD WHOLE,2 LB,,Dry Goods
54,URAD WHOLE,4 LB,,Dry Goods
55,URAD WHOLE,8 LB,,Dry Goods
63,URD CHILKA,2 LB,,Dry Goods
64,URD CHILKA,4 LB,,Dry Goods
423,VERMICELLI KHEER,,,Sweets
167,WALNUT,14 OZ (400 GM),,Dry Goods
246,WALNUT,2 LB,,Dry Goods
5,WALNUTS,1 LB,,Dry Goods
418,WALNUTS,1.5 LB,,Dry Goods
428,WHOLE BLACK PEPPER,3 LB,,Spices
429,WHOLE WALNUT,2 LB,,Dry Goods
137,WHOLE WHEAT ATTA,4 LB,,Dry Goods
202,WHOLE WHEAT ATTA,8 LB,,Dry Goods
112,YELLOW PEAS,2 LB,,Dry Goods
113,YELLOW PEAS,4 LB,,Dry Goods
22,YOGI WHEAT LADDO FLOUR,2 LB,,Dry Goods
